,Player Name,How many knights will you send to castle 1 (Total number of knights sent to all 10 castles must add up to 100),How many knights to castle 2? (Total number of knights sent to all 10 castles must add up to 100),How many knights to castle 3?(Total number of knights sent to all 10 castles must add up to 100),How many knights to castle 4? (Total number of knights sent to all 10 castles must add up to 100),How many knights to castle 5? (Total number of knights sent to all 10 castles must add up to 100),How many knights to castle 6? (Total number of knights sent to all 10 castles must add up to 100),How many knights to castle 7? (Total number of knights sent to all 10 castles must add up to 100),How many knights to castle 8? (Total number of knights sent to all 10 castles must add up to 100),How many knights to castle 9?(Total number of knights sent to all 10 castles must add up to 100),How many knights to castle 10? (Total number of knights sent to all 10 castles must add up to 100),Final Score
0,100,0.0,1.0,2.0,16.0,21.0,3.0,2.0,1.0,32.0,22.0,10.0
1,100,3.0,3.0,3.0,3.0,16.0,16.0,16.0,15.0,20.0,5.0,10.0
2,52,0.0,3.0,4.0,14.0,15.0,5.0,5.0,5.0,33.0,16.0,3.0
3,52,0.0,5.0,6.0,13.0,14.0,21.0,1.0,31.0,6.0,3.0,3.0
4,26,0.0,0.0,0.0,15.0,19.0,1.0,1.0,1.0,32.0,31.0,16.0
5,26,3.0,3.0,3.0,17.0,17.0,3.0,4.0,4.0,23.0,23.0,16.0
6,26,4.0,4.0,4.0,4.0,4.0,4.0,4.0,33.0,4.0,35.0,16.0
7,26,2.0,3.0,2.0,10.0,2.0,11.0,17.0,3.0,22.0,28.0,16.0
8,25,0.0,0.0,0.0,16.0,21.0,0.0,0.0,0.0,36.0,27.0,10.0
9,25,1.0,1.0,2.0,16.0,19.0,4.0,4.0,4.0,22.0,27.0,10.0
10,25,0.0,0.0,0.0,16.0,21.0,0.0,0.0,0.0,31.0,32.0,10.0
11,25,0.0,8.0,0.0,0.0,0.0,1.0,28.0,1.0,33.0,29.0,10.0
12,25,0.0,5.0,7.0,9.0,13.0,3.0,26.0,3.0,31.0,3.0,10.0
13,25,0.0,0.0,0.0,12.0,0.0,0.0,26.0,28.0,30.0,4.0,10.0
14,25,1.0,2.0,4.0,7.0,11.0,15.0,22.0,21.0,11.0,6.0,10.0
15,25,4.0,5.0,6.0,7.0,8.0,7.0,17.0,19.0,11.0,16.0,10.0
16,23,1.0,1.0,12.0,1.0,1.0,24.0,1.0,1.0,28.0,30.0,16.5
17,23,0.0,0.0,3.0,3.0,19.0,21.0,3.0,23.0,25.0,3.0,16.5
18,21,6.0,0.0,0.0,0.0,0.0,1.0,2.0,33.0,33.0,25.0,8.5
19,21,1.0,1.0,2.0,18.0,18.0,2.0,3.0,3.0,26.0,26.0,8.5
20,21,3.0,2.0,2.0,8.0,11.0,13.0,22.0,27.0,6.0,6.0,8.5
21,21,4.0,4.0,5.0,5.0,5.0,31.0,31.0,5.0,5.0,5.0,8.5
22,20,0.0,0.0,12.0,0.0,1.0,22.0,1.0,1.0,32.0,31.0,23.0
23,20,2.0,6.0,2.0,14.0,21.0,2.0,6.0,5.0,21.0,21.0,23.0
24,19,0.0,0.0,0.0,16.0,16.0,2.0,2.0,2.0,31.0,31.0,17.5
25,19,1.0,1.0,1.0,15.0,20.0,1.0,1.0,1.0,30.0,29.0,17.5
26,19,1.0,2.0,3.0,5.0,16.0,21.0,5.0,5.0,21.0,21.0,17.5
27,18,1.0,1.0,1.0,6.0,17.0,17.0,6.0,6.0,22.0,23.0,20.0
28,18,0.0,0.0,0.0,17.0,17.0,0.0,0.0,0.0,30.0,36.0,20.0
29,16,0.0,8.0,0.0,0.0,0.0,0.0,28.0,0.0,32.0,32.0,20.0
30,16,6.0,0.0,0.0,0.0,0.0,0.0,0.0,38.0,32.0,24.0,20.0
31,15,0.0,0.0,0.0,0.0,22.0,23.0,28.0,0.0,0.0,27.0,16.0
32,15,1.0,3.0,3.0,20.0,20.0,3.0,5.0,5.0,20.0,20.0,16.0
33,15,4.0,7.0,10.0,13.0,4.0,4.0,4.0,4.0,23.0,27.0,16.0
34,15,9.0,0.0,0.0,0.0,0.0,0.0,0.0,32.0,32.0,27.0,16.0
35,15,3.0,7.0,7.0,13.0,17.0,3.0,3.0,3.0,22.0,22.0,16.0
36,15,9.0,1.0,1.0,1.0,1.0,1.0,1.0,35.0,25.0,25.0,16.0
37,15,0.0,0.0,15.0,15.0,15.0,20.0,5.0,5.0,5.0,20.0,16.0
38,14,0.0,1.0,8.0,14.0,16.0,1.0,22.0,3.0,25.0,10.0,15.0
39,14,0.0,0.0,0.0,15.0,18.0,1.0,1.0,1.0,26.0,38.0,15.0
40,14,3.0,6.0,9.0,12.0,15.0,18.0,5.0,5.0,16.0,11.0,15.0
41,14,1.0,4.0,4.0,4.0,16.0,21.0,22.0,4.0,11.0,13.0,15.0
42,14,3.0,6.0,6.0,14.0,14.0,14.0,6.0,6.0,15.0,16.0,15.0
43,13,0.0,0.0,9.0,13.0,13.0,23.0,3.0,3.0,4.0,32.0,20.0
44,13,1.0,2.0,4.0,7.0,14.0,22.0,3.0,3.0,23.0,21.0,20.0
45,13,2.0,0.0,2.0,12.0,2.0,22.0,3.0,30.0,6.0,21.0,20.0
46,13,1.0,1.0,9.0,3.0,3.0,2.0,28.0,32.0,7.0,14.0,20.0
47,13,2.0,2.0,8.0,11.0,17.0,17.0,8.0,11.0,12.0,12.0,20.0
48,13,0.0,2.0,2.0,2.0,21.0,22.0,2.0,2.0,23.0,24.0,20.0
49,13,0.0,1.0,1.0,12.0,21.0,2.0,1.0,1.0,29.0,32.0,20.0
50,12,2.0,3.0,15.0,15.0,15.0,15.0,5.0,5.0,5.0,20.0,15.0
51,12,0.0,0.0,3.0,3.0,20.0,16.0,3.0,20.0,24.0,11.0,15.0
52,12,3.0,3.0,3.0,8.0,17.0,17.0,9.0,6.0,17.0,17.0,15.0
53,12,5.0,1.0,8.0,13.0,12.0,23.0,3.0,2.0,25.0,8.0,15.0
54,12,0.0,0.0,0.0,0.0,19.0,24.0,27.0,0.0,0.0,30.0,15.0
55,12,0.0,2.0,2.0,15.0,5.0,25.0,3.0,31.0,5.0,12.0,15.0
56,12,1.0,4.0,6.0,12.0,18.0,22.0,3.0,3.0,5.0,26.0,15.0
57,11,4.0,0.0,6.0,13.0,13.0,25.0,1.0,3.0,26.0,9.0,11.0
58,11,3.0,0.0,8.0,12.0,12.0,22.0,3.0,2.0,32.0,6.0,11.0
59,11,4.0,8.0,7.0,8.0,13.0,16.0,4.0,5.0,22.0,13.0,11.0
60,11,2.0,5.0,10.0,10.0,18.0,18.0,3.0,3.0,23.0,8.0,11.0
61,11,6.0,8.0,8.0,12.0,17.0,17.0,6.0,7.0,9.0,10.0,11.0
62,11,1.0,8.0,9.0,16.0,1.0,1.0,1.0,1.0,31.0,31.0,11.0
63,11,4.0,10.0,6.0,15.0,18.0,10.0,5.0,6.0,12.0,14.0,11.0
64,11,0.0,9.0,11.0,13.0,16.0,3.0,3.0,3.0,21.0,21.0,11.0
65,11,1.0,1.0,5.0,1.0,11.0,23.0,28.0,3.0,11.0,16.0,11.0
66,11,0.0,0.0,2.0,5.0,14.0,22.0,29.0,0.0,6.0,22.0,11.0
67,11,2.0,6.0,11.0,16.0,16.0,21.0,3.0,3.0,11.0,11.0,11.0
68,11,0.0,2.0,11.0,11.0,16.0,3.0,21.0,5.0,26.0,5.0,11.0
69,11,3.0,5.0,3.0,15.0,15.0,23.0,5.0,5.0,6.0,17.0,11.0
70,11,3.0,8.0,10.0,12.0,12.0,22.0,11.0,7.0,7.0,8.0,11.0
71,11,0.0,5.0,6.0,8.0,12.0,22.0,3.0,31.0,6.0,7.0,11.0
72,11,6.0,5.0,0.0,0.0,0.0,0.0,0.0,37.0,32.0,20.0,11.0
73,11,6.0,6.0,9.0,11.0,13.0,16.0,8.0,8.0,9.0,14.0,11.0
74,11,4.0,6.0,4.0,11.0,12.0,4.0,9.0,4.0,34.0,12.0,11.0
75,11,1.0,0.0,9.0,12.0,15.0,4.0,21.0,5.0,28.0,5.0,11.0
76,11,2.0,2.0,2.0,8.0,13.0,22.0,3.0,3.0,23.0,22.0,11.0
77,11,3.0,2.0,9.0,10.0,12.0,23.0,3.0,2.0,29.0,7.0,11.0
78,11,3.0,6.0,11.0,16.0,16.0,21.0,3.0,3.0,10.0,11.0,11.0
79,11,1.0,1.0,7.0,8.0,20.0,3.0,8.0,25.0,20.0,7.0,11.0
80,11,1.0,5.0,7.0,12.0,12.0,3.0,21.0,21.0,7.0,11.0,11.0
81,11,1.0,4.0,11.0,3.0,16.0,16.0,16.0,6.0,11.0,16.0,11.0
82,11,0.0,2.0,3.0,3.0,12.0,22.0,3.0,26.0,21.0,8.0,11.0
83,11,4.0,6.0,8.0,13.0,18.0,8.0,5.0,23.0,7.0,8.0,11.0
84,11,4.0,4.0,11.0,16.0,16.0,5.0,11.0,11.0,11.0,11.0,11.0
85,11,4.0,4.0,5.0,16.0,21.0,26.0,4.0,4.0,8.0,8.0,11.0
86,11,0.0,5.0,6.0,8.0,12.0,22.0,2.0,32.0,6.0,7.0,11.0
87,11,0.0,6.0,2.0,11.0,4.0,16.0,6.0,21.0,8.0,26.0,11.0
88,11,0.0,0.0,11.0,14.0,18.0,22.0,1.0,0.0,1.0,33.0,11.0
89,11,1.0,6.0,9.0,16.0,5.0,15.0,9.0,12.0,15.0,12.0,11.0
90,11,1.0,8.0,2.0,13.0,0.0,17.0,20.0,6.0,27.0,6.0,11.0
91,11,6.0,6.0,6.0,0.0,0.0,21.0,21.0,4.0,26.0,10.0,11.0
92,10,2.0,4.0,12.0,16.0,4.0,6.0,4.0,4.0,22.0,26.0,12.5
93,10,1.0,1.0,1.0,2.0,21.0,21.0,5.0,21.0,21.0,6.0,12.5
94,10,0.0,6.0,1.0,2.0,21.0,22.0,27.0,4.0,4.0,13.0,12.5
95,10,1.0,2.0,2.0,13.0,2.0,21.0,2.0,33.0,3.0,21.0,12.5
96,10,0.0,0.0,11.0,15.0,18.0,22.0,0.0,0.0,0.0,34.0,12.5
97,10,0.0,3.0,13.0,18.0,18.0,3.0,23.0,3.0,11.0,8.0,12.5
98,10,2.0,1.0,2.0,11.0,16.0,2.0,2.0,2.0,31.0,31.0,12.5
99,10,0.0,0.0,0.0,0.0,16.0,22.0,0.0,0.0,28.0,34.0,12.5
100,10,2.0,2.0,12.0,13.0,16.0,2.0,20.0,5.0,23.0,5.0,12.5
101,10,3.0,5.0,6.0,8.0,14.0,13.0,3.0,5.0,20.0,23.0,12.5
102,10,1.0,2.0,7.0,13.0,14.0,16.0,5.0,24.0,9.0,9.0,12.5
103,10,0.0,5.0,7.0,9.0,12.0,22.0,2.0,31.0,5.0,7.0,12.5
104,10,5.0,6.0,11.0,12.0,12.0,16.0,4.0,4.0,4.0,26.0,12.5
105,10,5.0,7.0,9.0,11.0,15.0,6.0,4.0,6.0,17.0,18.0,12.5
106,10,0.0,0.0,3.0,9.0,12.0,22.0,6.0,32.0,8.0,8.0,12.5
107,10,2.0,3.0,4.0,11.0,14.0,22.0,26.0,5.0,6.0,7.0,12.5
108,10,1.0,7.0,8.0,11.0,13.0,2.0,28.0,3.0,13.0,14.0,12.5
109,10,3.0,6.0,7.0,8.0,2.0,13.0,15.0,1.0,33.0,12.0,12.5
110,10,3.0,5.0,10.0,12.0,15.0,17.0,12.0,12.0,7.0,7.0,12.5
111,10,8.0,10.0,1.0,1.0,1.0,1.0,1.0,33.0,22.0,22.0,12.5
112,10,1.0,1.0,1.0,13.0,16.0,19.0,2.0,2.0,24.0,21.0,12.5
113,9,4.0,4.0,4.0,4.0,14.0,14.0,14.0,8.0,26.0,8.0,12.0
114,9,2.0,2.0,6.0,12.0,17.0,12.0,28.0,7.0,7.0,7.0,12.0
115,9,10.0,0.0,10.0,0.0,20.0,0.0,0.0,0.0,30.0,30.0,12.0
116,9,5.0,6.0,6.0,14.0,6.0,23.0,22.0,6.0,6.0,6.0,12.0
117,9,1.0,3.0,8.0,5.0,12.0,22.0,2.0,33.0,6.0,8.0,12.0
118,9,5.0,6.0,7.0,8.0,9.0,17.0,18.0,6.0,11.0,13.0,12.0
119,8,0.0,5.0,9.0,14.0,5.0,15.0,8.0,3.0,9.0,32.0,11.5
120,8,2.0,6.0,9.0,9.0,12.0,5.0,5.0,5.0,14.0,33.0,11.5
121,8,4.0,7.0,4.0,6.0,13.0,14.0,14.0,6.0,19.0,13.0,11.5
122,8,6.0,4.0,13.0,10.0,12.0,14.0,5.0,11.0,15.0,10.0,11.5
123,8,0.0,2.0,9.0,12.0,15.0,2.0,2.0,2.0,27.0,27.0,11.5
124,8,7.0,8.0,10.0,13.0,14.0,3.0,7.0,20.0,7.0,11.0,11.5
125,8,4.0,5.0,7.0,11.0,15.0,18.0,24.0,4.0,6.0,6.0,11.5
126,8,2.0,2.0,9.0,2.0,7.0,6.0,27.0,19.0,10.0,16.0,11.5
127,8,0.0,4.0,12.0,19.0,25.0,4.0,5.0,6.0,8.0,17.0,11.5
128,8,2.0,2.0,5.0,8.0,13.0,17.0,27.0,3.0,12.0,11.0,11.5
129,8,7.0,2.0,4.0,20.0,23.0,4.0,2.0,12.0,12.0,14.0,11.5
130,7,5.0,5.0,10.0,10.0,5.0,5.0,5.0,25.0,5.0,25.0,13.5
131,7,7.0,10.0,13.0,15.0,18.0,8.0,5.0,8.0,8.0,8.0,13.5
132,7,0.0,6.0,8.0,6.0,18.0,13.0,3.0,34.0,6.0,6.0,13.5
133,7,0.0,8.0,11.0,15.0,4.0,25.0,4.0,4.0,6.0,23.0,13.5
134,7,0.0,0.0,1.0,13.0,2.0,4.0,30.0,31.0,13.0,6.0,13.5
135,7,6.0,6.0,4.0,11.0,13.0,13.0,5.0,19.0,10.0,13.0,13.5
136,7,3.0,6.0,8.0,4.0,13.0,12.0,17.0,12.0,8.0,17.0,13.5
137,7,0.0,1.0,6.0,10.0,15.0,18.0,2.0,2.0,23.0,23.0,13.5
138,7,1.0,4.0,9.0,16.0,25.0,16.0,9.0,6.0,4.0,10.0,13.5
139,7,7.0,0.0,0.0,0.0,0.0,0.0,0.0,31.0,31.0,31.0,13.5
140,7,7.0,0.0,0.0,0.0,0.0,0.0,0.0,31.0,31.0,31.0,13.5
141,7,7.0,0.0,0.0,0.0,0.0,0.0,0.0,31.0,31.0,31.0,13.5
142,7,7.0,0.0,0.0,0.0,0.0,0.0,0.0,31.0,31.0,31.0,13.5
143,7,0.0,5.0,7.0,9.0,12.0,22.0,3.0,32.0,4.0,6.0,13.5
144,7,1.0,2.0,14.0,13.0,13.0,14.0,4.0,4.0,4.0,31.0,13.5
145,6,4.0,5.0,4.0,16.0,11.0,16.0,16.0,16.0,6.0,6.0,13.0
146,6,4.0,6.0,8.0,11.0,11.0,12.0,13.0,6.0,14.0,15.0,13.0
147,6,13.0,9.0,5.0,16.0,14.0,4.0,9.0,5.0,14.0,11.0,13.0
148,6,1.0,3.0,8.0,12.0,16.0,5.0,21.0,2.0,27.0,5.0,13.0
149,6,3.0,6.0,6.0,7.0,13.0,13.0,12.0,8.0,16.0,16.0,13.0
150,6,6.0,4.0,6.0,6.0,0.0,12.0,0.0,32.0,22.0,12.0,13.0
151,6,0.0,0.0,0.0,6.0,6.0,8.0,32.0,8.0,32.0,8.0,13.0
152,6,4.0,4.0,4.0,18.0,16.0,14.0,14.0,12.0,8.0,6.0,13.0
153,6,1.0,4.0,9.0,16.0,11.0,11.0,8.0,13.0,5.0,22.0,13.0
154,6,3.0,3.0,4.0,18.0,24.0,24.0,6.0,6.0,6.0,6.0,13.0
155,6,1.0,5.0,10.0,1.0,15.0,25.0,1.0,1.0,30.0,11.0,13.0
156,6,2.0,3.0,3.0,16.0,11.0,6.0,16.0,16.0,16.0,11.0,13.0
157,6,6.0,0.0,0.0,0.0,0.0,0.0,0.0,31.0,31.0,32.0,13.0
158,6,6.0,0.0,0.0,0.0,0.0,0.0,0.0,31.0,31.0,32.0,13.0
159,6,1.0,3.0,3.0,5.0,7.0,3.0,28.0,10.0,31.0,9.0,13.0
160,6,0.0,5.0,7.0,9.0,18.0,16.0,3.0,31.0,6.0,5.0,13.0
161,6,5.0,5.0,7.0,9.0,12.0,21.0,27.0,2.0,5.0,7.0,13.0
162,6,2.0,4.0,8.0,11.0,16.0,2.0,27.0,4.0,21.0,5.0,13.0
163,6,2.0,5.0,6.0,10.0,13.0,7.0,10.0,11.0,18.0,18.0,13.0
164,6,0.0,0.0,15.0,15.0,15.0,4.0,15.0,1.0,15.0,20.0,13.0
165,6,2.0,2.0,8.0,4.0,18.0,7.0,21.0,11.0,21.0,6.0,13.0
166,6,3.0,3.0,8.0,8.0,11.0,18.0,3.0,3.0,23.0,20.0,13.0
167,5,2.0,8.0,12.0,4.0,4.0,4.0,10.0,16.0,24.0,16.0,7.0
168,5,3.0,4.0,11.0,14.0,18.0,21.0,1.0,1.0,1.0,26.0,7.0
169,5,3.0,6.0,10.0,16.0,9.0,10.0,13.0,14.0,11.0,8.0,7.0
170,5,3.0,5.0,8.0,10.0,13.0,3.0,17.0,19.0,10.0,12.0,7.0
171,5,1.0,3.0,8.0,2.0,15.0,25.0,28.0,6.0,6.0,6.0,7.0
172,5,2.0,7.0,12.0,16.0,21.0,23.0,4.0,3.0,6.0,6.0,7.0
173,5,5.0,10.0,12.0,15.0,8.0,5.0,10.0,10.0,10.0,15.0,7.0
174,5,1.0,3.0,4.0,6.0,4.0,5.0,25.0,36.0,8.0,8.0,7.0
175,5,5.0,6.0,9.0,11.0,4.0,8.0,26.0,8.0,12.0,11.0,7.0
176,5,1.0,1.0,1.0,17.0,17.0,13.0,20.0,5.0,5.0,20.0,7.0
177,5,4.0,4.0,4.0,13.0,5.0,11.0,5.0,22.0,25.0,7.0,7.0
178,5,2.0,1.0,5.0,6.0,18.0,10.0,25.0,1.0,15.0,17.0,7.0
179,5,6.0,6.0,6.0,6.0,7.0,20.0,2.0,32.0,8.0,7.0,7.0
180,5,0.0,5.0,5.0,5.0,13.0,8.0,2.0,32.0,22.0,8.0,7.0
181,5,0.0,7.0,7.0,9.0,16.0,15.0,3.0,33.0,5.0,5.0,7.0
182,5,5.0,5.0,7.0,9.0,12.0,22.0,26.0,2.0,6.0,6.0,7.0
183,5,6.0,11.0,11.0,16.0,16.0,16.0,6.0,6.0,6.0,6.0,7.0
184,5,2.0,5.0,6.0,12.0,12.0,23.0,4.0,26.0,4.0,6.0,7.0
185,5,7.0,9.0,12.0,12.0,11.0,12.0,11.0,7.0,12.0,7.0,7.0
186,5,0.0,11.0,3.0,11.0,16.0,4.0,21.0,4.0,4.0,26.0,7.0
187,5,2.0,3.0,5.0,8.0,10.0,18.0,7.0,7.0,28.0,12.0,7.0
188,5,0.0,2.0,2.0,10.0,4.0,15.0,3.0,33.0,21.0,10.0,7.0
189,5,1.0,3.0,7.0,11.0,16.0,20.0,24.0,6.0,6.0,6.0,7.0
190,5,3.0,6.0,3.0,11.0,12.0,7.0,12.0,12.0,17.0,17.0,7.0
191,5,6.0,6.0,6.0,6.0,6.0,6.0,6.0,6.0,26.0,26.0,7.0
192,5,6.0,6.0,6.0,6.0,6.0,6.0,6.0,6.0,26.0,26.0,7.0
193,5,0.0,6.0,8.0,11.0,14.0,17.0,2.0,33.0,3.0,6.0,7.0
194,5,2.0,3.0,7.0,10.0,13.0,16.0,19.0,10.0,10.0,10.0,7.0
195,5,6.0,14.0,6.0,16.0,4.0,16.0,4.0,14.0,6.0,14.0,7.0
196,5,6.0,8.0,11.0,15.0,19.0,23.0,3.0,3.0,6.0,6.0,7.0
197,5,2.0,7.0,2.0,2.0,16.0,2.0,5.0,21.0,21.0,22.0,7.0
198,5,1.0,1.0,8.0,13.0,15.0,21.0,23.0,6.0,6.0,6.0,7.0
199,5,3.0,6.0,6.0,9.0,17.0,20.0,4.0,4.0,27.0,4.0,7.0
200,5,2.0,3.0,8.0,10.0,15.0,8.0,6.0,36.0,6.0,6.0,7.0
201,5,2.0,4.0,4.0,15.0,15.0,15.0,15.0,5.0,20.0,5.0,7.0
202,5,0.0,5.0,7.0,12.0,12.0,22.0,3.0,3.0,32.0,4.0,7.0
203,5,0.0,5.0,7.0,12.0,11.0,22.0,2.0,32.0,2.0,7.0,7.0
204,5,1.0,2.0,4.0,14.0,14.0,16.0,18.0,1.0,16.0,14.0,7.0
205,5,5.0,8.0,9.0,1.0,1.0,1.0,1.0,34.0,25.0,15.0,7.0
206,5,3.0,3.0,12.0,3.0,0.0,20.0,0.0,0.0,25.0,34.0,7.0
207,5,0.0,5.0,6.0,8.0,13.0,23.0,3.0,32.0,5.0,5.0,7.0
208,5,0.0,1.0,1.0,14.0,14.0,14.0,14.0,14.0,14.0,14.0,7.0
209,5,15.0,0.0,10.0,0.0,20.0,0.0,0.0,0.0,30.0,25.0,7.0
210,5,2.0,3.0,7.0,12.0,23.0,33.0,3.0,3.0,7.0,7.0,7.0
211,5,2.0,3.0,7.0,12.0,23.0,33.0,3.0,3.0,7.0,7.0,7.0
212,5,2.0,2.0,11.0,7.0,2.0,14.0,10.0,15.0,21.0,16.0,7.0
213,5,1.0,1.0,10.0,15.0,20.0,20.0,0.0,0.0,3.0,30.0,7.0
214,5,2.0,4.0,8.0,11.0,13.0,13.0,13.0,13.0,13.0,10.0,7.0
215,5,6.0,6.0,6.0,6.0,6.0,23.0,6.0,29.0,6.0,6.0,7.0
216,5,2.0,2.0,2.0,3.0,3.0,3.0,5.0,32.0,27.0,21.0,7.0
217,5,0.0,1.0,10.0,13.0,9.0,11.0,21.0,21.0,7.0,7.0,7.0
218,5,1.0,0.0,3.0,10.0,5.0,1.0,1.0,34.0,34.0,11.0,7.0
219,5,3.0,3.0,11.0,12.0,11.0,2.0,21.0,2.0,29.0,6.0,7.0
220,5,2.0,1.0,3.0,16.0,3.0,11.0,10.0,15.0,19.0,20.0,7.0
221,5,1.0,11.0,11.0,11.0,11.0,11.0,11.0,11.0,11.0,11.0,7.0
222,5,1.0,11.0,11.0,11.0,11.0,11.0,11.0,11.0,11.0,11.0,7.0
223,4,0.0,4.0,3.0,15.0,3.0,16.0,3.0,31.0,3.0,22.0,13.0
224,4,2.0,2.0,7.0,17.0,22.0,22.0,13.0,4.0,4.0,7.0,13.0
225,4,0.0,0.0,4.0,15.0,17.0,5.0,22.0,25.0,5.0,7.0,13.0
226,4,5.0,7.0,9.0,12.0,14.0,16.0,14.0,11.0,7.0,5.0,13.0
227,4,1.0,1.0,3.0,11.0,4.0,13.0,16.0,8.0,34.0,9.0,13.0
228,4,0.0,7.0,8.0,6.0,13.0,9.0,6.0,35.0,11.0,5.0,13.0
229,4,5.0,5.0,7.0,7.0,12.0,12.0,3.0,23.0,13.0,13.0,13.0
230,4,4.0,4.0,4.0,20.0,15.0,25.0,3.0,2.0,15.0,7.0,13.0
231,4,0.0,0.0,0.0,11.0,11.0,17.0,21.0,18.0,11.0,11.0,13.0
232,4,1.0,7.0,5.0,4.0,17.0,8.0,2.0,13.0,8.0,35.0,13.0
233,4,0.0,1.0,4.0,6.0,8.0,12.0,24.0,32.0,6.0,7.0,13.0
234,4,1.0,4.0,6.0,12.0,18.0,2.0,24.0,2.0,26.0,5.0,13.0
235,4,3.0,8.0,12.0,13.0,20.0,25.0,4.0,4.0,5.0,6.0,13.0
236,4,2.0,3.0,7.0,4.0,5.0,5.0,21.0,21.0,9.0,23.0,13.0
237,4,5.0,1.0,1.0,0.0,0.0,0.0,0.0,31.0,31.0,31.0,13.0
238,4,0.0,2.0,2.0,14.0,3.0,2.0,22.0,31.0,19.0,5.0,13.0
239,4,1.0,1.0,9.0,11.0,14.0,11.0,15.0,12.0,15.0,11.0,13.0
240,4,2.0,6.0,7.0,11.0,2.0,2.0,2.0,2.0,33.0,33.0,13.0
241,4,0.0,6.0,7.0,11.0,12.0,21.0,3.0,31.0,4.0,5.0,13.0
242,4,0.0,0.0,11.0,11.0,16.0,3.0,21.0,3.0,31.0,4.0,13.0
243,4,8.0,8.0,12.0,16.0,1.0,12.0,2.0,2.0,19.0,20.0,13.0
244,4,3.0,5.0,7.0,16.0,13.0,21.0,22.0,3.0,5.0,5.0,13.0
245,4,4.0,6.0,8.0,11.0,11.0,10.0,13.0,11.0,14.0,12.0,13.0
246,4,1.0,3.0,4.0,12.0,4.0,13.0,2.0,2.0,27.0,32.0,13.0
247,4,3.0,4.0,5.0,9.0,12.0,2.0,22.0,31.0,6.0,6.0,13.0
248,4,1.0,3.0,4.0,8.0,12.0,13.0,16.0,25.0,6.0,12.0,13.0
249,4,0.0,3.0,5.0,6.0,18.0,23.0,2.0,32.0,6.0,5.0,13.0
250,4,2.0,2.0,12.0,21.0,21.0,21.0,3.0,6.0,6.0,6.0,13.0
251,4,4.0,5.0,7.0,8.0,10.0,5.0,23.0,25.0,6.0,7.0,13.0
252,4,3.0,5.0,6.0,10.0,13.0,18.0,1.0,1.0,23.0,20.0,13.0
253,4,2.0,15.0,15.0,15.0,2.0,1.0,1.0,11.0,16.0,22.0,13.0
254,4,3.0,3.0,13.0,2.0,4.0,1.0,27.0,30.0,10.0,7.0,13.0
255,4,2.0,4.0,6.0,8.0,12.0,22.0,5.0,31.0,5.0,5.0,13.0
256,4,10.0,0.0,0.0,0.0,0.0,0.0,0.0,30.0,30.0,30.0,13.0
257,4,10.0,0.0,0.0,0.0,0.0,0.0,0.0,30.0,30.0,30.0,13.0
258,4,4.0,6.0,1.0,18.0,20.0,23.0,1.0,2.0,2.0,23.0,13.0
259,4,0.0,1.0,5.0,2.0,5.0,16.0,28.0,30.0,6.0,7.0,13.0
260,4,5.0,0.0,0.0,0.0,0.0,0.0,0.0,28.0,32.0,35.0,13.0
261,4,8.0,8.0,9.0,9.0,10.0,10.0,11.0,11.0,12.0,12.0,13.0
262,4,0.0,2.0,3.0,3.0,4.0,22.0,26.0,3.0,31.0,6.0,13.0
263,4,6.0,7.0,8.0,9.0,10.0,10.0,11.0,12.0,13.0,14.0,13.0
264,4,9.0,9.0,11.0,11.0,9.0,11.0,11.0,9.0,11.0,9.0,13.0
265,4,12.0,12.0,12.0,12.0,12.0,8.0,8.0,8.0,8.0,8.0,13.0
266,4,3.0,5.0,1.0,6.0,5.0,11.0,26.0,14.0,17.0,12.0,13.0
267,4,1.0,1.0,1.0,3.0,4.0,7.0,32.0,37.0,7.0,7.0,13.0
268,4,4.0,4.0,3.0,2.0,14.0,2.0,26.0,33.0,5.0,7.0,13.0
269,4,4.0,3.0,7.0,9.0,7.0,8.0,22.0,23.0,9.0,8.0,13.0
270,4,0.0,0.0,6.0,6.0,6.0,6.0,32.0,32.0,6.0,6.0,13.0
271,4,4.0,6.0,4.0,11.0,4.0,16.0,4.0,21.0,4.0,26.0,13.0
272,4,0.0,0.0,3.0,15.0,16.0,19.0,3.0,32.0,6.0,6.0,13.0
273,4,1.0,1.0,1.0,6.0,6.0,14.0,27.0,28.0,8.0,8.0,13.0
274,4,0.0,0.0,0.0,1.0,12.0,21.0,3.0,32.0,27.0,4.0,13.0
275,3,2.0,5.0,6.0,8.0,10.0,20.0,31.0,6.0,6.0,6.0,5.0
276,3,12.0,7.0,10.0,10.0,10.0,6.0,11.0,8.0,13.0,13.0,5.0
277,3,0.0,5.0,7.0,12.0,12.0,21.0,3.0,32.0,3.0,5.0,5.0
278,3,2.0,6.0,8.0,12.0,18.0,3.0,27.0,10.0,10.0,4.0,5.0
279,3,12.0,0.0,0.0,0.0,0.0,0.0,0.0,30.0,29.0,29.0,5.0
280,3,5.0,5.0,5.0,5.0,10.0,15.0,5.0,5.0,20.0,25.0,5.0
281,3,2.0,5.0,6.0,6.0,12.0,6.0,17.0,17.0,17.0,12.0,5.0
282,3,3.0,6.0,8.0,3.0,17.0,22.0,28.0,3.0,4.0,6.0,5.0
283,3,10.0,10.0,10.0,10.0,10.0,10.0,5.0,5.0,15.0,15.0,5.0
284,3,6.0,8.0,11.0,11.0,14.0,22.0,0.0,0.0,22.0,6.0,5.0
285,3,1.0,5.0,1.0,11.0,5.0,15.0,9.0,19.0,14.0,20.0,5.0
286,3,4.0,5.0,4.0,4.0,4.0,19.0,22.0,16.0,11.0,11.0,5.0
287,3,1.0,2.0,3.0,3.0,4.0,5.0,6.0,31.0,35.0,10.0,5.0
288,3,7.0,9.0,11.0,13.0,13.0,15.0,17.0,5.0,5.0,5.0,5.0
289,3,3.0,0.0,0.0,0.0,0.0,0.0,0.0,32.0,32.0,33.0,5.0
290,3,0.0,0.0,1.0,10.0,23.0,24.0,25.0,2.0,7.0,8.0,5.0
291,3,7.0,12.0,11.0,13.0,11.0,0.0,13.0,8.0,12.0,13.0,5.0
292,3,0.0,0.0,0.0,0.0,16.0,16.0,2.0,31.0,4.0,31.0,5.0
293,3,3.0,3.0,14.0,20.0,20.0,20.0,0.0,0.0,10.0,10.0,5.0
294,3,3.0,4.0,6.0,4.0,4.0,4.0,7.0,31.0,31.0,6.0,5.0
295,3,0.0,1.0,1.0,11.0,13.0,13.0,1.0,1.0,27.0,32.0,5.0
296,3,12.0,0.0,0.0,0.0,0.0,0.0,0.0,29.0,29.0,30.0,5.0
297,3,2.0,5.0,8.0,3.0,6.0,15.0,15.0,14.0,17.0,15.0,5.0
298,3,2.0,2.0,3.0,3.0,15.0,15.0,15.0,15.0,15.0,15.0,5.0
299,3,2.0,2.0,3.0,3.0,15.0,15.0,15.0,15.0,15.0,15.0,5.0
300,3,0.0,4.0,7.0,14.0,12.0,22.0,3.0,2.0,32.0,4.0,5.0
301,3,4.0,5.0,8.0,16.0,18.0,23.0,15.0,3.0,2.0,6.0,5.0
302,3,1.0,5.0,10.0,9.0,12.0,22.0,2.0,3.0,32.0,4.0,5.0
303,3,2.0,3.0,3.0,6.0,6.0,16.0,21.0,31.0,6.0,6.0,5.0
304,3,0.0,3.0,3.0,3.0,16.0,16.0,21.0,26.0,6.0,6.0,5.0
305,3,1.0,2.0,5.0,7.0,10.0,1.0,27.0,35.0,6.0,6.0,5.0
306,3,3.0,3.0,3.0,8.0,13.0,14.0,18.0,26.0,6.0,6.0,5.0
307,3,2.0,5.0,8.0,11.0,3.0,17.0,3.0,21.0,25.0,5.0,5.0
308,3,3.0,6.0,6.0,8.0,12.0,12.0,14.0,16.0,16.0,7.0,5.0
309,3,0.0,6.0,7.0,12.0,12.0,21.0,3.0,31.0,3.0,5.0,5.0
310,3,5.0,14.0,6.0,17.0,13.0,1.0,4.0,2.0,30.0,8.0,5.0
311,3,0.0,6.0,7.0,12.0,12.0,21.0,3.0,31.0,3.0,5.0,5.0
312,3,0.0,6.0,7.0,12.0,12.0,21.0,3.0,31.0,3.0,5.0,5.0
313,3,0.0,6.0,7.0,12.0,12.0,21.0,3.0,31.0,3.0,5.0,5.0
314,3,0.0,6.0,7.0,12.0,12.0,21.0,3.0,31.0,3.0,5.0,5.0
315,3,0.0,6.0,7.0,12.0,12.0,21.0,3.0,31.0,3.0,5.0,5.0
316,3,1.0,1.0,9.0,2.0,2.0,2.0,27.0,31.0,2.0,23.0,5.0
317,3,2.0,5.0,7.0,11.0,11.0,21.0,2.0,31.0,5.0,5.0,5.0
318,3,5.0,6.0,7.0,9.0,12.0,23.0,27.0,1.0,5.0,5.0,5.0
319,3,3.0,8.0,17.0,14.0,4.0,14.0,6.0,13.0,15.0,6.0,5.0
320,3,4.0,6.0,8.0,10.0,10.0,10.0,15.0,10.0,10.0,17.0,5.0
321,3,0.0,0.0,0.0,0.0,16.0,16.0,2.0,31.0,31.0,4.0,5.0
322,3,4.0,4.0,12.0,16.0,22.0,22.0,5.0,5.0,5.0,5.0,5.0
323,3,0.0,10.0,7.0,10.0,0.0,0.0,10.0,21.0,21.0,21.0,5.0
324,3,4.0,6.0,8.0,10.0,12.0,14.0,1.0,1.0,21.0,23.0,5.0
325,3,0.0,0.0,0.0,0.0,0.0,10.0,30.0,35.0,10.0,15.0,5.0
326,3,4.0,6.0,7.0,8.0,9.0,10.0,11.0,13.0,15.0,17.0,5.0
327,3,6.0,11.0,8.0,6.0,7.0,14.0,10.0,15.0,13.0,10.0,5.0
328,3,1.0,1.0,3.0,3.0,7.0,21.0,26.0,21.0,11.0,6.0,5.0
329,3,0.0,1.0,3.0,4.0,5.0,6.0,33.0,36.0,6.0,6.0,5.0
330,3,2.0,3.0,3.0,4.0,6.0,11.0,26.0,26.0,12.0,7.0,5.0
331,3,1.0,1.0,1.0,1.0,14.0,14.0,1.0,31.0,31.0,5.0,5.0
332,3,5.0,6.0,7.0,8.0,9.0,12.0,15.0,12.0,12.0,14.0,5.0
333,3,5.0,7.0,7.0,7.0,7.0,7.0,15.0,15.0,15.0,15.0,5.0
334,3,1.0,2.0,10.0,3.0,4.0,10.0,14.0,17.0,19.0,20.0,5.0
335,3,1.0,8.0,9.0,12.0,12.0,19.0,1.0,2.0,32.0,4.0,5.0
336,3,1.0,0.0,3.0,0.0,13.0,6.0,21.0,21.0,10.0,25.0,5.0
337,3,9.0,2.0,3.0,3.0,4.0,1.0,3.0,33.0,36.0,6.0,5.0
338,3,4.0,5.0,8.0,4.0,11.0,9.0,13.0,15.0,14.0,17.0,5.0
339,3,3.0,3.0,3.0,3.0,3.0,10.0,30.0,33.0,6.0,6.0,5.0
340,3,2.0,3.0,8.0,11.0,1.0,1.0,31.0,31.0,6.0,6.0,5.0
341,3,3.0,4.0,7.0,7.0,7.0,7.0,7.0,9.0,22.0,27.0,5.0
342,3,0.0,0.0,0.0,0.0,17.0,22.0,23.0,0.0,0.0,38.0,5.0
343,3,2.0,2.0,2.0,6.0,16.0,26.0,5.0,6.0,31.0,4.0,5.0
344,3,1.0,4.0,3.0,2.0,12.0,13.0,2.0,27.0,30.0,6.0,5.0
345,3,6.0,3.0,2.0,2.0,2.0,2.0,2.0,27.0,27.0,27.0,5.0
346,3,2.0,2.0,3.0,12.0,4.0,4.0,30.0,4.0,34.0,5.0,5.0
347,3,0.0,0.0,0.0,0.0,18.0,21.0,25.0,0.0,0.0,36.0,5.0
348,3,6.0,7.0,11.0,12.0,0.0,23.0,28.0,0.0,7.0,6.0,5.0
349,3,0.0,6.0,7.0,11.0,12.0,21.0,3.0,32.0,4.0,4.0,5.0
350,3,0.0,0.0,14.0,0.0,0.0,0.0,26.0,30.0,0.0,30.0,5.0
351,3,1.0,2.0,2.0,2.0,12.0,22.0,26.0,3.0,3.0,27.0,5.0
352,3,3.0,4.0,6.0,10.0,13.0,3.0,23.0,3.0,30.0,5.0,5.0
353,3,0.0,0.0,3.0,6.0,13.0,9.0,6.0,35.0,23.0,5.0,5.0
354,3,5.0,6.0,7.0,8.0,10.0,12.0,20.0,1.0,15.0,16.0,5.0
355,3,10.0,10.0,10.0,10.0,10.0,10.0,10.0,10.0,10.0,10.0,5.0
356,3,10.0,10.0,10.0,10.0,10.0,10.0,10.0,10.0,10.0,10.0,5.0
357,3,1.0,1.0,1.0,1.0,16.0,20.0,25.0,10.0,2.0,23.0,5.0
358,3,10.0,10.0,10.0,10.0,10.0,10.0,10.0,10.0,10.0,10.0,5.0
359,2,10.0,10.0,10.0,10.0,10.0,10.0,10.0,10.0,10.0,10.0,10.0
360,2,10.0,10.0,10.0,10.0,10.0,10.0,10.0,10.0,10.0,10.0,10.0
361,2,4.0,5.0,15.0,2.0,1.0,27.0,10.0,10.0,5.0,21.0,10.0
362,2,1.0,1.0,7.0,3.0,5.0,5.0,5.0,21.0,23.0,29.0,10.0
363,2,5.0,6.0,7.0,8.0,9.0,10.0,11.0,12.0,13.0,19.0,10.0
364,2,1.0,3.0,6.0,0.0,2.0,3.0,26.0,31.0,22.0,6.0,10.0
365,2,0.0,4.0,6.0,9.0,12.0,0.0,27.0,32.0,5.0,5.0,10.0
366,2,5.0,7.0,5.0,8.0,10.0,11.0,13.0,13.0,14.0,14.0,10.0
367,2,3.0,6.0,8.0,7.0,16.0,16.0,2.0,33.0,4.0,5.0,10.0
368,2,1.0,2.0,3.0,1.0,19.0,21.0,23.0,1.0,23.0,6.0,10.0
369,2,3.0,4.0,6.0,11.0,15.0,4.0,26.0,4.0,23.0,4.0,10.0
370,2,2.0,2.0,2.0,2.0,12.0,7.0,17.0,22.0,22.0,12.0,10.0
371,2,0.0,7.0,8.0,6.0,13.0,9.0,6.0,20.0,26.0,5.0,10.0
372,2,5.0,6.0,7.0,8.0,9.0,11.0,12.0,13.0,14.0,15.0,10.0
373,2,3.0,3.0,3.0,6.0,3.0,16.0,26.0,26.0,8.0,6.0,10.0
374,2,7.0,9.0,10.0,2.0,4.0,7.0,11.0,22.0,10.0,18.0,10.0
375,2,1.0,3.0,5.0,7.0,9.0,20.0,25.0,10.0,10.0,10.0,10.0
376,2,1.0,6.0,9.0,13.0,16.0,21.0,0.0,0.0,31.0,3.0,10.0
377,2,7.0,10.0,12.0,13.0,14.0,14.0,0.0,0.0,15.0,15.0,10.0
378,2,1.0,2.0,4.0,6.0,15.0,2.0,28.0,32.0,5.0,5.0,10.0
379,2,0.0,7.0,8.0,6.0,13.0,9.0,6.0,26.0,20.0,5.0,10.0
380,2,5.0,5.0,0.0,0.0,0.0,0.0,0.0,30.0,30.0,30.0,10.0
381,2,3.0,4.0,5.0,9.0,13.0,10.0,16.0,29.0,5.0,6.0,10.0
382,2,1.0,1.0,6.0,6.0,6.0,6.0,17.0,32.0,17.0,6.0,10.0
383,2,4.0,16.0,4.0,16.0,16.0,4.0,16.0,4.0,4.0,16.0,10.0
384,2,3.0,3.0,3.0,3.0,17.0,30.0,3.0,3.0,30.0,5.0,10.0
385,2,3.0,5.0,8.0,1.0,1.0,15.0,2.0,2.0,30.0,33.0,10.0
386,2,0.0,5.0,6.0,9.0,12.0,1.0,26.0,31.0,5.0,5.0,10.0
387,2,12.0,0.0,1.0,1.0,1.0,1.0,1.0,25.0,28.0,30.0,10.0
388,2,0.0,1.0,2.0,2.0,2.0,22.0,26.0,32.0,3.0,10.0,10.0
389,2,4.0,6.0,8.0,8.0,9.0,8.0,15.0,19.0,15.0,8.0,10.0
390,2,1.0,7.0,2.0,2.0,11.0,15.0,21.0,31.0,5.0,5.0,10.0
391,2,3.0,6.0,1.0,12.0,15.0,22.0,1.0,2.0,3.0,35.0,10.0
392,2,6.0,0.0,0.0,0.0,0.0,0.0,0.0,51.0,24.0,19.0,10.0
393,2,0.0,0.0,8.0,0.0,23.0,26.0,31.0,0.0,6.0,6.0,10.0
394,2,4.0,5.0,5.0,1.0,10.0,15.0,20.0,25.0,7.0,8.0,10.0
395,2,0.0,6.0,7.0,12.0,12.0,21.0,3.0,31.0,4.0,4.0,10.0
396,2,3.0,6.0,9.0,10.0,16.0,18.0,25.0,5.0,3.0,5.0,10.0
397,2,3.0,4.0,5.0,10.0,2.0,17.0,20.0,26.0,6.0,6.0,10.0
398,2,5.0,7.0,0.0,0.0,0.0,0.0,22.0,22.0,22.0,22.0,10.0
399,2,4.0,3.0,2.0,16.0,3.0,21.0,21.0,6.0,3.0,21.0,10.0
400,2,0.0,0.0,3.0,6.0,13.0,9.0,6.0,23.0,35.0,5.0,10.0
401,2,2.0,3.0,0.0,4.0,0.0,19.0,21.0,0.0,25.0,26.0,10.0
402,2,2.0,4.0,4.0,9.0,7.0,13.0,9.0,18.0,12.0,22.0,10.0
403,2,0.0,0.0,0.0,0.0,17.0,20.0,2.0,27.0,31.0,3.0,10.0
404,2,3.0,1.0,9.0,11.0,15.0,21.0,3.0,2.0,32.0,3.0,10.0
405,2,2.0,5.0,8.0,12.0,13.0,22.0,2.0,2.0,31.0,3.0,10.0
406,2,2.0,5.0,6.0,8.0,11.0,14.0,16.0,14.0,15.0,9.0,10.0
407,2,5.0,6.0,7.0,15.0,12.0,22.0,22.0,1.0,6.0,4.0,10.0
408,2,4.0,4.0,5.0,8.0,10.0,14.0,4.0,21.0,18.0,12.0,10.0
409,2,1.0,3.0,1.0,1.0,11.0,1.0,31.0,21.0,24.0,6.0,10.0
410,2,0.0,0.0,0.0,0.0,18.0,18.0,1.0,31.0,31.0,1.0,10.0
411,2,5.0,4.0,8.0,9.0,12.0,13.0,10.0,27.0,7.0,5.0,10.0
412,2,0.0,0.0,11.0,13.0,15.0,21.0,0.0,0.0,0.0,40.0,10.0
413,2,0.0,0.0,0.0,0.0,17.0,19.0,26.0,0.0,0.0,38.0,10.0
414,2,0.0,0.0,8.0,2.0,11.0,15.0,23.0,32.0,4.0,5.0,10.0
415,2,1.0,0.0,3.0,10.0,8.0,12.0,4.0,9.0,25.0,28.0,10.0
416,2,0.0,6.0,7.0,12.0,12.0,21.0,3.0,32.0,3.0,4.0,10.0
417,2,0.0,6.0,7.0,12.0,12.0,21.0,3.0,32.0,3.0,4.0,10.0
418,2,2.0,2.0,9.0,2.0,2.0,2.0,17.0,18.0,23.0,23.0,10.0
419,2,0.0,6.0,7.0,12.0,12.0,21.0,3.0,32.0,3.0,4.0,10.0
420,2,1.0,1.0,1.0,15.0,21.0,22.0,5.0,24.0,5.0,5.0,10.0
421,2,0.0,6.0,7.0,12.0,12.0,21.0,3.0,32.0,3.0,4.0,10.0
422,2,3.0,8.0,3.0,4.0,5.0,7.0,3.0,21.0,20.0,22.0,10.0
423,2,5.0,7.0,9.0,2.0,2.0,13.0,27.0,2.0,28.0,5.0,10.0
424,2,0.0,0.0,0.0,0.0,5.0,30.0,10.0,40.0,5.0,10.0,10.0
425,2,8.0,2.0,2.0,2.0,2.0,2.0,2.0,22.0,26.0,32.0,10.0
426,2,4.0,4.0,6.0,6.0,16.0,17.0,17.0,12.0,6.0,6.0,10.0
427,2,3.0,4.0,5.0,4.0,4.0,4.0,32.0,34.0,4.0,6.0,10.0
428,2,2.0,0.0,3.0,0.0,0.0,0.0,0.0,33.0,31.0,31.0,10.0
429,2,1.0,1.0,2.0,3.0,20.0,3.0,3.0,3.0,31.0,33.0,10.0
430,2,1.0,3.0,4.0,6.0,6.0,12.0,12.0,30.0,13.0,13.0,10.0
431,2,11.0,11.0,4.0,4.0,4.0,4.0,4.0,11.0,21.0,26.0,10.0
432,2,0.0,5.0,7.0,9.0,12.0,1.0,26.0,31.0,4.0,5.0,10.0
433,2,3.0,8.0,10.0,12.0,13.0,15.0,16.0,14.0,4.0,5.0,10.0
434,2,0.0,0.0,0.0,0.0,15.0,16.0,2.0,31.0,33.0,3.0,10.0
435,2,1.0,1.0,1.0,1.0,12.0,15.0,17.0,20.0,22.0,10.0,10.0
436,2,2.0,2.0,2.0,17.0,2.0,3.0,28.0,3.0,36.0,5.0,10.0
437,2,0.0,0.0,0.0,19.0,0.0,0.0,27.0,27.0,27.0,0.0,10.0
438,2,3.0,5.0,6.0,10.0,9.0,18.0,24.0,12.0,8.0,5.0,10.0
439,2,1.0,3.0,5.0,9.0,11.0,13.0,17.0,18.0,12.0,11.0,10.0
440,2,6.0,6.0,6.0,6.0,6.0,6.0,6.0,46.0,6.0,6.0,10.0
441,2,2.0,3.0,6.0,8.0,10.0,25.0,20.0,5.0,15.0,5.0,10.0
442,2,3.0,3.0,3.0,8.0,15.0,25.0,31.0,2.0,5.0,5.0,10.0
443,2,4.0,4.0,0.0,0.0,0.0,0.0,0.0,27.0,31.0,34.0,10.0
444,2,0.0,0.0,2.0,2.0,11.0,21.0,3.0,31.0,26.0,4.0,10.0
445,2,0.0,12.0,6.0,3.0,1.0,28.0,32.0,1.0,5.0,11.0,10.0
446,2,3.0,6.0,0.0,3.0,11.0,11.0,18.0,13.0,17.0,18.0,10.0
447,2,0.0,0.0,0.0,0.0,20.0,25.0,0.0,25.0,30.0,0.0,10.0
448,2,2.0,2.0,2.0,2.0,2.0,13.0,26.0,2.0,24.0,25.0,10.0
449,2,1.0,2.0,3.0,8.0,10.0,20.0,21.0,23.0,6.0,6.0,10.0
450,2,1.0,1.0,4.0,12.0,12.0,10.0,25.0,25.0,5.0,5.0,10.0
451,2,7.0,13.0,0.0,15.0,20.0,20.0,0.0,0.0,0.0,25.0,10.0
452,2,3.0,5.0,7.0,9.0,14.0,25.0,25.0,4.0,4.0,4.0,10.0
453,2,3.0,8.0,8.0,2.0,12.0,20.0,17.0,20.0,4.0,6.0,10.0
454,2,1.0,6.0,8.0,11.0,5.0,5.0,27.0,27.0,5.0,5.0,10.0
455,2,3.0,4.0,5.0,10.0,9.0,12.0,15.0,20.0,11.0,11.0,10.0
456,2,2.0,4.0,7.0,12.0,16.0,22.0,0.0,2.0,32.0,3.0,10.0
457,2,2.0,9.0,1.0,15.0,5.0,0.0,19.0,18.0,18.0,13.0,10.0
458,2,3.0,2.0,4.0,4.0,3.0,24.0,26.0,3.0,4.0,27.0,10.0
459,2,3.0,6.0,3.0,3.0,11.0,4.0,28.0,32.0,5.0,5.0,10.0
460,2,1.0,1.0,3.0,4.0,10.0,13.0,17.0,8.0,34.0,9.0,10.0
461,2,0.0,0.0,2.0,7.0,14.0,11.0,27.0,19.0,15.0,5.0,10.0
462,2,2.0,6.0,8.0,12.0,15.0,18.0,28.0,3.0,4.0,4.0,10.0
463,2,4.0,8.0,16.0,20.0,6.0,6.0,4.0,17.0,4.0,15.0,10.0
464,2,3.0,0.0,3.0,4.0,0.0,22.0,27.0,31.0,5.0,5.0,10.0
465,2,5.0,5.0,5.0,5.0,5.0,5.0,15.0,20.0,20.0,15.0,10.0
466,2,3.0,3.0,3.0,3.0,16.0,16.0,16.0,15.0,20.0,5.0,10.0
467,2,0.0,5.0,6.0,13.0,14.0,21.0,1.0,31.0,6.0,3.0,10.0
468,2,4.0,4.0,4.0,4.0,4.0,4.0,4.0,33.0,4.0,35.0,10.0
469,2,2.0,3.0,2.0,10.0,2.0,11.0,17.0,3.0,22.0,28.0,10.0
470,2,0.0,5.0,7.0,9.0,13.0,3.0,26.0,3.0,31.0,3.0,10.0
471,2,0.0,0.0,0.0,12.0,0.0,0.0,26.0,28.0,30.0,4.0,10.0
472,2,1.0,2.0,4.0,7.0,11.0,15.0,22.0,21.0,11.0,6.0,10.0
473,2,4.0,5.0,6.0,7.0,8.0,7.0,17.0,19.0,11.0,16.0,10.0
474,2,0.0,0.0,3.0,3.0,19.0,21.0,3.0,23.0,25.0,3.0,10.0
475,2,3.0,2.0,2.0,8.0,11.0,13.0,22.0,27.0,6.0,6.0,10.0
476,2,4.0,4.0,5.0,5.0,5.0,31.0,31.0,5.0,5.0,5.0,10.0
477,2,0.0,6.0,7.0,12.0,12.0,21.0,4.0,31.0,3.0,4.0,10.0
478,2,3.0,4.0,6.0,7.0,10.0,15.0,18.0,19.0,11.0,7.0,10.0
479,2,1.0,7.0,10.0,12.0,2.0,17.0,2.0,22.0,23.0,4.0,10.0
480,2,7.0,8.0,0.0,0.0,0.0,0.0,0.0,25.0,30.0,30.0,10.0
481,2,1.0,1.0,4.0,8.0,15.0,5.0,26.0,30.0,5.0,5.0,10.0
482,2,3.0,5.0,6.0,8.0,4.0,18.0,17.0,28.0,4.0,7.0,10.0
483,2,0.0,22.0,11.0,11.0,11.0,0.0,11.0,11.0,12.0,11.0,10.0
484,2,1.0,1.0,1.0,1.0,17.0,20.0,1.0,27.0,30.0,1.0,10.0
485,2,2.0,6.0,8.0,8.0,16.0,17.0,13.0,21.0,2.0,7.0,10.0
486,2,2.0,4.0,4.0,12.0,17.0,23.0,27.0,3.0,4.0,4.0,10.0
487,2,4.0,4.0,4.0,5.0,12.0,12.0,23.0,25.0,6.0,5.0,10.0
488,2,0.0,0.0,6.0,8.0,0.0,17.0,19.0,0.0,23.0,25.0,10.0
489,2,2.0,2.0,0.0,8.0,5.0,19.0,14.0,20.0,14.0,16.0,10.0
490,2,2.0,3.0,4.0,5.0,11.0,11.0,20.0,31.0,8.0,5.0,10.0
491,2,4.0,1.0,6.0,4.0,1.0,1.0,19.0,30.0,19.0,15.0,10.0
492,2,2.0,2.0,2.0,6.0,11.0,16.0,16.0,16.0,21.0,8.0,10.0
493,2,1.0,1.0,2.0,3.0,3.0,3.0,3.0,35.0,11.0,38.0,10.0
494,2,2.0,2.0,4.0,6.0,11.0,16.0,21.0,26.0,6.0,6.0,10.0
495,2,2.0,4.0,5.0,11.0,3.0,14.0,21.0,4.0,4.0,32.0,10.0
496,2,3.0,3.0,11.0,3.0,3.0,3.0,21.0,23.0,3.0,27.0,10.0
497,2,5.0,7.0,9.0,11.0,13.0,18.0,25.0,4.0,4.0,4.0,10.0
498,2,2.0,3.0,5.0,5.0,10.0,10.0,15.0,30.0,10.0,10.0,10.0
499,2,0.0,0.0,5.0,5.0,5.0,5.0,30.0,40.0,5.0,5.0,10.0
500,2,2.0,2.0,2.0,2.0,2.0,26.0,5.0,27.0,27.0,5.0,10.0
501,2,1.0,7.0,10.0,12.0,13.0,19.0,5.0,26.0,5.0,2.0,10.0
502,2,0.0,0.0,0.0,6.0,4.0,4.0,25.0,25.0,11.0,25.0,10.0
503,2,1.0,8.0,7.0,9.0,13.0,0.0,23.0,30.0,3.0,6.0,10.0
504,2,2.0,7.0,10.0,12.0,15.0,3.0,28.0,15.0,4.0,4.0,10.0
505,2,6.0,1.0,7.0,13.0,13.0,22.0,1.0,1.0,33.0,3.0,10.0
506,2,2.0,5.0,6.0,7.0,7.0,9.0,15.0,19.0,23.0,7.0,10.0
507,2,1.0,3.0,3.0,8.0,5.0,13.0,1.0,18.0,24.0,24.0,10.0
508,2,3.0,2.0,6.0,10.0,3.0,16.0,22.0,3.0,31.0,4.0,10.0
509,2,2.0,1.0,7.0,1.0,8.0,1.0,1.0,26.0,26.0,27.0,10.0
510,2,3.0,5.0,7.0,9.0,12.0,3.0,25.0,27.0,4.0,5.0,10.0
511,2,2.0,2.0,2.0,13.0,13.0,23.0,3.0,34.0,4.0,4.0,10.0
512,2,0.0,5.0,7.0,9.0,12.0,1.0,26.0,31.0,5.0,4.0,10.0
513,2,0.0,5.0,7.0,9.0,12.0,1.0,26.0,31.0,5.0,4.0,10.0
514,2,0.0,5.0,7.0,9.0,12.0,1.0,26.0,31.0,5.0,4.0,10.0
515,2,0.0,5.0,7.0,9.0,12.0,1.0,26.0,31.0,5.0,4.0,10.0
516,2,0.0,5.0,7.0,9.0,12.0,1.0,26.0,31.0,5.0,4.0,10.0
517,2,0.0,5.0,7.0,9.0,12.0,1.0,26.0,31.0,5.0,4.0,10.0
518,2,4.0,2.0,4.0,3.0,5.0,8.0,17.0,18.0,29.0,10.0,10.0
519,2,1.0,1.0,2.0,3.0,5.0,8.0,13.0,21.0,34.0,12.0,10.0
520,2,0.0,0.0,0.0,14.0,2.0,0.0,26.0,26.0,31.0,1.0,10.0
521,2,3.0,3.0,9.0,3.0,3.0,3.0,22.0,23.0,3.0,28.0,10.0
522,2,0.0,5.0,2.0,10.0,11.0,3.0,28.0,3.0,3.0,34.0,10.0
523,2,2.0,2.0,2.0,4.0,20.0,20.0,20.0,20.0,5.0,5.0,10.0
524,2,4.0,4.0,13.0,17.0,23.0,23.0,4.0,4.0,4.0,4.0,10.0
525,2,2.0,5.0,6.0,6.0,6.0,10.0,18.0,19.0,17.0,11.0,10.0
526,2,1.0,2.0,2.0,8.0,2.0,11.0,21.0,21.0,21.0,11.0,10.0
527,2,0.0,0.0,0.0,20.0,2.0,2.0,23.0,25.0,26.0,2.0,10.0
528,2,0.0,0.0,0.0,0.0,15.0,15.0,0.0,35.0,35.0,0.0,10.0
529,2,2.0,2.0,5.0,7.0,8.0,12.0,13.0,7.0,18.0,26.0,10.0
530,2,4.0,4.0,6.0,6.0,11.0,16.0,21.0,21.0,6.0,5.0,10.0
531,2,6.0,15.0,20.0,2.0,20.0,15.0,6.0,2.0,7.0,7.0,10.0
532,2,2.0,4.0,6.0,8.0,10.0,9.0,12.0,10.0,18.0,21.0,10.0
533,2,1.0,5.0,4.0,5.0,5.0,12.0,10.0,15.0,16.0,27.0,10.0
534,2,2.0,2.0,6.0,6.0,11.0,11.0,16.0,16.0,21.0,9.0,10.0
535,2,0.0,0.0,3.0,3.0,4.0,22.0,27.0,32.0,5.0,4.0,10.0
536,2,1.0,6.0,7.0,12.0,12.0,21.0,2.0,31.0,3.0,4.0,10.0
537,2,4.0,6.0,9.0,11.0,15.0,21.0,26.0,1.0,3.0,4.0,10.0
538,2,0.0,0.0,0.0,1.0,7.0,20.0,3.0,13.0,28.0,28.0,10.0
539,2,0.0,0.0,0.0,0.0,25.0,25.0,0.0,25.0,25.0,0.0,10.0
540,2,2.0,2.0,2.0,2.0,15.0,10.0,27.0,30.0,5.0,5.0,10.0
541,2,0.0,0.0,0.0,0.0,25.0,25.0,0.0,25.0,25.0,0.0,10.0
542,2,1.0,2.0,2.0,3.0,4.0,16.0,21.0,24.0,21.0,6.0,10.0
543,2,4.0,6.0,6.0,6.0,6.0,6.0,26.0,4.0,32.0,4.0,10.0
544,2,0.0,0.0,0.0,0.0,25.0,25.0,0.0,25.0,25.0,0.0,10.0
545,2,0.0,0.0,0.0,0.0,25.0,25.0,0.0,25.0,25.0,0.0,10.0
546,2,0.0,4.0,1.0,0.0,2.0,4.0,11.0,22.0,26.0,30.0,10.0
547,2,0.0,0.0,4.0,12.0,15.0,20.0,24.0,1.0,1.0,23.0,10.0
548,2,0.0,4.0,2.0,0.0,2.0,2.0,11.0,22.0,26.0,31.0,10.0
549,2,0.0,6.0,1.0,11.0,1.0,14.0,28.0,2.0,34.0,3.0,10.0
550,2,5.0,5.0,5.0,5.0,5.0,10.0,15.0,15.0,15.0,20.0,10.0
551,2,1.0,2.0,11.0,13.0,16.0,1.0,20.0,20.0,1.0,15.0,10.0
552,2,6.0,7.0,7.0,25.0,25.0,10.0,5.0,5.0,5.0,5.0,10.0
553,2,4.0,6.0,9.0,11.0,14.0,3.0,27.0,18.0,4.0,4.0,10.0
554,2,3.0,4.0,4.0,5.0,6.0,7.0,9.0,11.0,17.0,34.0,10.0
555,2,0.0,4.0,8.0,10.0,13.0,1.0,26.0,30.0,3.0,5.0,10.0
556,2,2.0,4.0,6.0,8.0,10.0,12.0,14.0,17.0,15.0,12.0,10.0
557,2,3.0,3.0,4.0,4.0,5.0,13.0,21.0,21.0,5.0,21.0,10.0
558,2,2.0,2.0,3.0,5.0,5.0,5.0,5.0,11.0,26.0,36.0,10.0
559,2,5.0,5.0,5.0,5.0,8.0,12.0,15.0,16.0,15.0,14.0,10.0
560,2,2.0,3.0,4.0,8.0,8.0,12.0,12.0,12.0,22.0,17.0,10.0
561,2,0.0,0.0,0.0,15.0,0.0,0.0,20.0,32.0,33.0,0.0,10.0
562,2,4.0,4.0,4.0,4.0,4.0,4.0,34.0,4.0,34.0,4.0,10.0
563,2,3.0,4.0,6.0,2.0,22.0,23.0,28.0,4.0,4.0,4.0,10.0
564,2,4.0,6.0,8.0,10.0,15.0,22.0,27.0,2.0,3.0,3.0,10.0
565,2,1.1,3.1,5.1,7.1,9.1,10.1,12.1,14.1,16.1,22.1,10.0
566,2,3.0,5.0,7.0,9.0,2.0,13.0,26.0,3.0,28.0,4.0,10.0
567,2,4.0,4.0,4.0,4.0,7.0,23.0,23.0,4.0,23.0,4.0,10.0
568,2,2.0,4.0,4.0,4.0,4.0,4.0,4.0,4.0,35.0,35.0,10.0
569,2,0.0,1.0,8.0,8.0,1.0,3.0,17.0,20.0,18.0,18.0,10.0
570,2,0.0,4.0,5.0,9.0,10.0,4.0,28.0,32.0,4.0,4.0,10.0
571,2,2.0,4.0,4.0,4.0,15.0,3.0,28.0,32.0,4.0,4.0,10.0
572,2,8.0,9.0,10.0,11.0,12.0,15.0,3.0,15.0,0.0,17.0,10.0
573,2,5.0,5.0,5.0,10.0,10.0,15.0,10.0,20.0,15.0,5.0,10.0
574,2,4.0,4.0,4.0,4.0,4.0,14.0,26.0,30.0,5.0,5.0,10.0
575,2,1.0,3.0,5.0,3.0,17.0,3.0,28.0,32.0,4.0,4.0,10.0
576,2,2.0,2.0,3.0,3.0,5.0,20.0,20.0,20.0,20.0,5.0,10.0
577,2,5.0,15.0,5.0,15.0,5.0,5.0,15.0,15.0,15.0,5.0,10.0
578,2,0.0,0.0,0.0,0.0,12.0,14.0,16.0,18.0,19.0,21.0,10.0
579,2,0.0,0.0,0.0,11.0,0.0,0.0,31.0,32.0,26.0,0.0,10.0
580,2,0.0,5.0,7.0,10.0,12.0,1.0,26.0,31.0,4.0,4.0,10.0
581,2,2.0,3.0,3.0,15.0,17.0,22.0,27.0,3.0,4.0,4.0,10.0
582,2,2.0,4.0,6.0,8.0,14.0,20.0,28.0,10.0,5.0,3.0,10.0
583,2,0.0,0.0,0.0,0.0,16.0,16.0,17.0,17.0,3.0,31.0,10.0
584,2,12.0,11.0,11.0,11.0,11.0,11.0,11.0,11.0,6.0,5.0,10.0
585,2,0.0,4.0,8.0,9.0,12.0,2.0,26.0,30.0,5.0,4.0,10.0
586,2,0.0,0.0,6.0,3.0,12.0,17.0,27.0,27.0,3.0,5.0,10.0
587,2,1.0,3.0,3.0,2.0,7.0,14.0,10.0,17.0,22.0,21.0,10.0
588,2,5.0,9.0,12.0,8.0,9.0,15.0,17.0,15.0,4.0,6.0,10.0
589,2,5.0,9.0,12.0,8.0,9.0,15.0,17.0,15.0,4.0,6.0,10.0
590,2,0.0,4.0,8.0,12.0,12.0,2.0,26.0,28.0,4.0,4.0,10.0
591,2,2.0,2.0,3.0,10.0,22.0,22.0,27.0,4.0,4.0,4.0,10.0
592,2,2.0,4.0,4.0,5.0,5.0,10.0,10.0,10.0,15.0,35.0,10.0
593,2,4.0,4.0,4.0,4.0,4.0,22.0,4.0,24.0,26.0,4.0,10.0
594,2,2.0,3.0,4.0,4.0,4.0,14.0,14.0,16.0,17.0,22.0,10.0
595,2,1.0,1.0,1.0,4.0,4.0,22.0,27.0,31.0,5.0,4.0,10.0
596,2,3.0,4.0,4.0,12.0,11.0,1.0,26.0,30.0,3.0,6.0,10.0
597,2,2.0,4.0,8.0,10.0,12.0,2.0,27.0,27.0,4.0,4.0,10.0
598,2,2.0,4.0,6.0,8.0,10.0,10.0,12.0,14.0,16.0,18.0,10.0
599,2,0.0,1.0,1.0,15.0,3.0,2.0,21.0,29.0,25.0,3.0,10.0
600,2,1.0,1.0,10.0,12.0,5.0,3.0,28.0,32.0,4.0,4.0,10.0
601,2,1.0,2.0,3.0,3.0,6.0,11.0,16.0,26.0,26.0,6.0,10.0
602,2,4.0,4.0,4.0,6.0,10.0,12.0,14.0,16.0,14.0,16.0,10.0
603,2,3.0,3.0,3.0,3.0,17.0,3.0,28.0,32.0,4.0,4.0,10.0
604,2,0.0,0.0,8.0,4.0,13.0,16.0,17.0,22.0,2.0,18.0,10.0
605,2,0.0,5.0,6.0,12.0,12.0,1.0,25.0,31.0,4.0,4.0,10.0
606,2,0.0,0.0,4.0,8.0,11.0,11.0,14.0,13.0,14.0,25.0,10.0
607,2,2.0,2.0,6.0,9.0,11.0,3.0,27.0,32.0,4.0,4.0,10.0
608,2,5.0,10.0,15.0,3.0,3.0,3.0,3.0,3.0,22.0,33.0,10.0
609,2,6.0,12.0,12.0,16.0,21.0,17.0,4.0,4.0,4.0,4.0,10.0
610,2,0.0,0.0,6.0,11.0,18.0,2.0,2.0,26.0,32.0,3.0,10.0
611,2,3.0,4.0,4.0,6.0,19.0,8.0,23.0,2.0,27.0,4.0,10.0
612,1,5.0,1.0,10.0,15.0,17.0,1.0,23.0,1.0,26.0,1.0,23.0
613,1,0.0,0.0,0.0,0.0,3.0,8.0,18.0,28.0,31.0,12.0,23.0
614,1,2.0,3.0,6.0,9.0,9.0,3.0,28.0,32.0,4.0,4.0,23.0
615,1,3.0,3.0,9.0,12.0,3.0,16.0,17.0,29.0,4.0,4.0,23.0
616,1,0.0,3.0,2.0,11.0,14.0,2.0,28.0,32.0,4.0,4.0,23.0
617,1,1.0,2.0,3.0,4.0,10.0,15.0,15.0,15.0,20.0,15.0,23.0
618,1,2.0,2.0,2.0,2.0,22.0,23.0,2.0,21.0,22.0,2.0,23.0
619,1,1.0,5.0,6.0,9.0,12.0,2.0,26.0,31.0,4.0,4.0,23.0
620,1,0.0,5.0,7.0,10.0,12.0,2.0,26.0,31.0,3.0,4.0,23.0
621,1,1.0,1.0,2.0,3.0,8.0,18.0,22.0,18.0,22.0,5.0,23.0
622,1,0.0,0.0,2.0,12.0,15.0,3.0,28.0,32.0,4.0,4.0,23.0
623,1,0.0,0.0,0.0,0.0,0.0,0.0,25.0,25.0,25.0,25.0,23.0
624,1,1.0,1.0,1.0,1.0,1.0,19.0,22.0,24.0,27.0,3.0,23.0
625,1,0.0,0.0,0.0,11.0,11.0,14.0,15.0,17.0,11.0,11.0,23.0
626,1,2.0,2.0,3.0,3.0,4.0,4.0,20.0,20.0,21.0,21.0,23.0
627,1,1.0,1.0,7.0,10.0,12.0,15.0,2.0,25.0,2.0,25.0,23.0
628,1,0.0,1.0,0.0,1.0,7.0,12.0,12.0,6.0,26.0,35.0,23.0
629,1,1.0,5.0,1.0,11.0,2.0,19.0,2.0,25.0,2.0,32.0,23.0
630,1,6.0,14.0,10.0,8.0,10.0,7.0,17.0,11.0,4.0,13.0,23.0
631,1,2.0,2.0,2.0,19.0,2.0,2.0,22.0,23.0,24.0,2.0,23.0
632,1,5.0,4.0,5.0,4.0,14.0,14.0,16.0,29.0,3.0,6.0,23.0
633,1,0.0,0.0,6.0,3.0,12.0,17.0,27.0,27.0,4.0,4.0,23.0
634,1,1.0,2.0,5.0,5.0,5.0,6.0,15.0,18.0,20.0,23.0,23.0
635,1,20.0,8.0,19.0,0.0,0.0,2.0,28.0,8.0,8.0,7.0,23.0
636,1,1.0,7.0,1.0,12.0,1.0,19.0,1.0,26.0,1.0,31.0,23.0
637,1,6.0,0.0,5.0,5.0,5.0,10.0,21.0,2.0,21.0,25.0,23.0
638,1,0.0,0.0,0.0,0.0,0.0,25.0,25.0,25.0,25.0,0.0,23.0
639,1,4.0,5.0,8.0,11.0,4.0,17.0,20.0,23.0,4.0,4.0,23.0
640,1,0.0,1.0,8.0,9.0,2.0,16.0,26.0,31.0,3.0,4.0,23.0
641,1,0.0,0.0,0.0,11.0,0.0,0.0,25.0,31.0,32.0,1.0,23.0
642,1,2.0,1.0,8.0,8.0,9.0,0.0,0.0,22.0,20.0,30.0,23.0
643,1,1.0,1.0,3.0,4.0,20.0,3.0,31.0,3.0,31.0,3.0,23.0
644,1,3.0,4.0,5.0,6.0,9.0,11.0,13.0,15.0,17.0,17.0,23.0
645,1,2.0,2.0,2.0,7.0,8.0,17.0,2.0,23.0,33.0,4.0,23.0
646,1,5.0,9.0,4.0,6.0,3.0,32.0,0.0,15.0,5.0,21.0,23.0
647,1,2.0,6.0,2.0,4.0,15.0,5.0,27.0,31.0,4.0,4.0,23.0
648,1,3.0,4.0,5.0,8.0,11.0,15.0,18.0,4.0,28.0,4.0,23.0
649,1,0.0,1.0,0.0,1.0,13.0,18.0,27.0,3.0,33.0,4.0,23.0
650,1,3.0,3.0,3.0,18.0,3.0,3.0,20.0,21.0,23.0,3.0,23.0
651,1,6.0,7.0,10.0,13.0,16.0,20.0,28.0,0.0,0.0,0.0,23.0
652,1,2.0,2.0,2.0,7.0,7.0,13.0,16.0,16.0,17.0,18.0,23.0
653,1,9.0,21.0,10.0,3.0,1.0,10.0,13.0,16.0,8.0,9.0,23.0
654,1,1.0,2.0,2.0,12.0,14.0,22.0,28.0,11.0,3.0,4.0,23.0
655,1,4.0,6.0,8.0,8.0,7.0,9.0,24.0,25.0,4.0,5.0,23.0
656,1,1.0,1.0,3.0,3.0,3.0,21.0,25.0,4.0,4.0,35.0,23.0
657,1,0.0,1.0,11.0,12.0,2.0,17.0,23.0,28.0,3.0,3.0,23.0
658,1,1.0,3.0,4.0,7.0,9.0,11.0,13.0,15.0,17.0,20.0,23.0
659,1,0.0,0.0,0.0,0.0,10.0,20.0,15.0,15.0,20.0,20.0,23.0
660,1,1.0,1.0,1.0,1.0,1.0,19.0,22.0,25.0,28.0,1.0,23.0
661,1,0.0,5.0,7.0,12.0,12.0,1.0,25.0,31.0,3.0,4.0,23.0
662,1,0.0,5.0,7.0,12.0,12.0,1.0,25.0,31.0,3.0,4.0,23.0
663,1,2.0,4.0,5.0,7.0,9.0,11.0,12.0,15.0,17.0,18.0,23.0
664,1,1.0,7.0,2.0,11.0,2.0,21.0,21.0,2.0,31.0,2.0,23.0
665,1,1.0,3.0,4.0,6.0,10.0,12.0,14.0,16.0,16.0,18.0,23.0
666,1,4.0,7.0,11.0,6.0,8.0,4.0,20.0,32.0,4.0,4.0,23.0
667,1,0.0,0.0,0.0,11.0,0.0,0.0,31.0,31.0,26.0,1.0,23.0
668,1,2.0,4.0,5.0,7.0,9.0,11.0,13.0,15.0,16.0,18.0,23.0
669,1,23.0,15.0,14.0,9.0,8.0,6.0,6.0,7.0,6.0,6.0,23.0
670,1,2.0,4.0,5.0,7.0,9.0,11.0,13.0,15.0,16.0,18.0,23.0
671,1,2.0,3.0,3.0,3.0,2.0,2.0,2.0,25.0,28.0,30.0,23.0
672,1,2.0,2.0,3.0,7.0,16.0,3.0,28.0,32.0,3.0,4.0,23.0
673,1,2.0,2.0,6.0,5.0,11.0,22.0,23.0,21.0,3.0,5.0,23.0
674,1,25.0,0.0,0.0,0.0,0.0,0.0,0.0,30.0,25.0,20.0,23.0
675,1,1.0,1.0,2.0,5.0,6.0,6.0,4.0,20.0,25.0,30.0,23.0
676,1,1.0,4.0,5.0,9.0,15.0,15.0,20.0,20.0,1.0,10.0,23.0
677,1,3.0,3.0,4.0,4.0,13.0,16.0,19.0,22.0,5.0,5.0,23.0
678,1,0.0,0.0,0.0,10.0,0.0,0.0,0.0,30.0,30.0,30.0,23.0
679,1,0.0,3.0,3.0,1.0,4.0,6.0,19.0,17.0,21.0,26.0,23.0
680,1,1.0,1.0,1.0,1.0,1.0,15.0,20.0,15.0,25.0,20.0,23.0
681,1,2.0,3.0,6.0,3.0,15.0,15.0,25.0,23.0,4.0,4.0,23.0
682,1,2.0,2.0,2.0,3.0,3.0,3.0,17.0,20.0,23.0,25.0,23.0
683,1,0.0,0.0,12.0,13.0,0.0,23.0,25.0,27.0,0.0,0.0,23.0
684,1,1.0,4.0,5.0,7.0,9.0,11.0,13.0,16.0,16.0,18.0,23.0
685,1,1.0,3.0,5.0,7.0,9.0,11.0,13.0,15.0,17.0,19.0,23.0
686,1,1.0,3.0,5.0,7.0,9.0,11.0,13.0,15.0,17.0,19.0,23.0
687,1,1.0,3.0,5.0,7.0,9.0,11.0,13.0,15.0,17.0,19.0,23.0
688,1,1.0,3.0,5.0,7.0,9.0,11.0,13.0,15.0,17.0,19.0,23.0
689,1,1.0,3.0,5.0,7.0,9.0,11.0,13.0,15.0,17.0,19.0,23.0
690,1,1.0,3.0,5.0,7.0,9.0,11.0,13.0,15.0,17.0,19.0,23.0
691,1,0.0,0.0,0.0,7.0,11.0,21.0,22.0,31.0,4.0,4.0,23.0
692,1,0.0,1.0,3.0,20.0,25.0,30.0,4.0,4.0,4.0,5.0,23.0
693,1,0.0,0.0,4.0,4.0,4.0,4.0,4.0,36.0,40.0,4.0,23.0
694,1,2.0,3.0,4.0,7.0,11.0,11.0,18.0,21.0,18.0,5.0,23.0
695,1,0.0,17.0,11.0,17.0,8.0,28.0,3.0,7.0,5.0,4.0,23.0
696,1,0.0,0.0,2.0,8.0,10.0,12.0,14.0,16.0,18.0,20.0,23.0
697,1,2.0,3.0,4.0,2.0,2.0,4.0,25.0,26.0,27.0,5.0,23.0
698,1,1.0,3.0,5.0,7.0,9.0,10.0,12.0,14.0,19.0,20.0,23.0
699,1,0.0,4.0,7.0,9.0,10.0,0.0,0.0,0.0,30.0,40.0,23.0
700,1,4.0,4.0,4.0,1.0,16.0,11.0,21.0,2.0,2.0,35.0,23.0
701,1,2.0,4.0,6.0,3.0,10.0,10.0,3.0,18.0,19.0,20.0,23.0
702,1,0.0,5.0,6.0,9.0,15.0,1.0,26.0,31.0,4.0,3.0,23.0
703,1,4.0,6.0,9.0,11.0,14.0,17.0,30.0,5.0,2.0,2.0,23.0
704,1,7.0,0.0,0.0,5.0,0.0,15.0,24.0,19.0,14.0,16.0,23.0
705,1,1.0,1.0,3.0,3.0,3.0,3.0,22.0,2.0,31.0,31.0,23.0
706,1,3.0,2.0,5.0,12.0,15.0,11.0,7.0,23.0,19.0,3.0,23.0
707,1,3.0,5.0,2.0,2.0,15.0,18.0,22.0,25.0,4.0,4.0,23.0
708,1,1.0,23.0,1.0,1.0,1.0,1.0,1.0,23.0,23.0,25.0,23.0
709,1,1.0,2.0,2.0,7.0,10.0,12.0,14.0,16.0,17.0,19.0,23.0
710,1,1.0,2.0,3.0,4.0,10.0,12.0,14.0,16.0,18.0,20.0,23.0
711,1,3.0,3.0,3.0,13.0,18.0,3.0,23.0,3.0,28.0,3.0,23.0
712,1,1.0,2.0,1.0,1.0,1.0,17.0,21.0,27.0,28.0,1.0,23.0
713,1,1.0,4.0,7.0,10.0,13.0,2.0,26.0,30.0,3.0,4.0,23.0
714,1,0.0,0.0,0.0,6.0,8.0,11.0,16.0,16.0,16.0,27.0,23.0
715,1,5.0,5.0,8.0,7.0,10.0,3.0,23.0,30.0,5.0,4.0,23.0
716,1,2.0,7.0,9.0,11.0,2.0,2.0,27.0,32.0,4.0,4.0,23.0
717,1,0.0,1.0,1.0,2.0,2.0,2.0,20.0,23.0,24.0,25.0,23.0
718,1,1.0,0.0,5.0,7.0,9.0,11.0,13.0,15.0,20.0,19.0,23.0
719,1,1.0,5.0,7.0,10.0,12.0,2.0,26.0,30.0,3.0,4.0,23.0
720,1,1.0,2.0,3.0,5.0,8.0,13.0,21.0,21.0,21.0,5.0,23.0
721,1,2.0,3.0,6.0,9.0,13.0,6.0,24.0,29.0,4.0,4.0,23.0
722,1,0.0,0.0,0.0,12.0,3.0,0.0,19.0,33.0,33.0,0.0,23.0
723,1,0.0,0.0,0.0,0.0,0.0,20.0,20.0,20.0,20.0,20.0,23.0
724,1,2.0,7.0,10.0,12.0,12.0,25.0,1.0,25.0,3.0,3.0,23.0
725,1,2.0,2.0,2.0,2.0,2.0,2.0,2.0,26.0,28.0,32.0,23.0
726,1,0.0,0.0,2.0,2.0,2.0,17.0,15.0,18.0,22.0,22.0,23.0
727,1,1.0,3.0,3.0,1.0,1.0,1.0,0.0,30.0,30.0,30.0,23.0
728,1,0.0,0.0,0.0,0.0,0.0,20.0,20.0,25.0,35.0,0.0,23.0
729,1,11.0,11.0,19.0,19.0,20.0,5.0,4.0,1.0,5.0,5.0,23.0
730,1,1.0,2.0,6.0,6.0,12.0,13.0,31.0,21.0,4.0,4.0,23.0
731,1,1.0,1.0,1.0,1.0,1.0,5.0,15.0,25.0,25.0,25.0,23.0
732,1,0.0,0.0,1.0,4.0,11.0,21.0,26.0,21.0,11.0,4.0,23.0
733,1,0.0,0.0,0.0,0.0,0.0,0.0,20.0,23.0,27.0,30.0,23.0
734,1,1.0,1.0,1.0,1.0,1.0,18.0,19.0,19.0,19.0,20.0,23.0
735,1,5.0,7.0,9.0,11.0,15.0,21.0,25.0,2.0,2.0,3.0,23.0
736,1,0.0,1.0,2.0,3.0,4.0,13.0,14.0,15.0,16.0,32.0,23.0
737,1,2.0,4.0,7.0,11.0,14.0,16.0,19.0,1.0,25.0,1.0,23.0
738,1,3.0,21.0,17.0,10.0,10.0,10.0,8.0,8.0,8.0,5.0,23.0
739,1,0.0,5.0,8.0,10.0,13.0,1.0,26.0,31.0,3.0,3.0,23.0
740,1,2.0,4.0,6.0,9.0,13.0,2.0,27.0,31.0,3.0,3.0,23.0
741,1,0.0,3.0,5.0,5.0,11.0,14.0,2.0,26.0,32.0,2.0,23.0
742,1,1.0,2.0,3.0,4.0,5.0,20.0,25.0,32.0,5.0,3.0,23.0
743,1,2.0,3.0,2.0,2.0,3.0,22.0,27.0,31.0,4.0,4.0,23.0
744,1,3.0,17.0,3.0,17.0,3.0,17.0,3.0,17.0,3.0,17.0,23.0
745,1,0.0,0.0,0.0,0.0,0.0,18.0,19.0,20.0,21.0,22.0,23.0
746,1,1.0,6.0,8.0,10.0,12.0,1.0,26.0,30.0,2.0,4.0,23.0
747,1,0.0,0.0,1.0,4.0,10.0,13.0,15.0,17.0,19.0,21.0,23.0
748,1,2.0,4.0,7.0,9.0,12.0,2.0,27.0,31.0,3.0,3.0,23.0
749,1,2.0,4.0,7.0,9.0,12.0,2.0,27.0,31.0,3.0,3.0,23.0
750,1,2.0,2.0,6.0,2.0,10.0,18.0,26.0,26.0,4.0,4.0,23.0
751,1,1.0,3.0,7.0,11.0,16.0,16.0,16.0,11.0,18.0,1.0,23.0
752,1,2.0,4.0,7.0,10.0,13.0,0.0,26.0,30.0,3.0,4.0,23.0
753,1,0.0,3.0,5.0,17.0,17.0,17.0,17.0,17.0,5.0,2.0,23.0
754,1,12.0,5.0,9.0,13.0,16.0,7.0,15.0,9.0,13.0,0.0,23.0
755,1,0.0,0.0,1.0,16.0,20.0,20.0,18.0,19.0,3.0,3.0,23.0
756,1,1.0,1.0,1.0,2.0,2.0,14.0,23.0,23.0,30.0,3.0,23.0
757,1,0.0,1.0,1.0,2.0,11.0,13.0,15.0,17.0,19.0,21.0,23.0
758,1,2.0,2.0,2.0,2.0,13.0,13.0,27.0,31.0,4.0,4.0,23.0
759,1,2.0,6.0,1.0,2.0,13.0,17.0,22.0,30.0,4.0,3.0,23.0
760,1,0.0,0.0,0.0,10.0,0.0,0.0,30.0,30.0,30.0,0.0,23.0
761,1,2.0,2.0,2.0,5.0,12.0,21.0,22.0,26.0,4.0,4.0,23.0
762,1,4.0,2.0,6.0,11.0,12.0,2.0,26.0,31.0,2.0,4.0,23.0
763,1,2.0,3.0,3.0,3.0,3.0,21.0,21.0,21.0,21.0,2.0,23.0
764,1,2.0,2.0,3.0,2.0,3.0,22.0,27.0,32.0,3.0,4.0,23.0
765,1,2.0,7.0,2.0,2.0,12.0,15.0,21.0,33.0,3.0,3.0,23.0
766,1,2.0,2.0,3.0,3.0,3.0,22.0,27.0,31.0,3.0,4.0,23.0
767,1,2.0,2.0,3.0,3.0,3.0,22.0,27.0,31.0,3.0,4.0,23.0
768,1,1.0,3.0,6.0,8.0,16.0,2.0,27.0,31.0,3.0,3.0,23.0
769,1,0.0,1.0,9.0,1.0,16.0,20.0,21.0,27.0,3.0,2.0,23.0
770,1,0.0,0.0,0.0,0.0,0.0,0.0,20.0,20.0,30.0,30.0,23.0
771,1,3.0,3.0,6.0,10.0,12.0,2.0,27.0,31.0,3.0,3.0,23.0
772,1,4.0,4.0,4.0,4.0,4.0,18.0,26.0,28.0,4.0,4.0,23.0
773,1,1.0,2.0,5.0,6.0,3.0,21.0,27.0,27.0,5.0,3.0,23.0
774,1,4.0,6.0,9.0,11.0,14.0,2.0,17.0,31.0,3.0,3.0,23.0
775,1,1.0,5.0,8.0,10.0,13.0,1.0,26.0,30.0,3.0,3.0,23.0
776,1,3.0,4.0,5.0,7.0,10.0,15.0,3.0,25.0,25.0,3.0,23.0
777,1,1.0,1.0,9.0,14.0,1.0,19.0,24.0,29.0,1.0,1.0,23.0
778,1,1.0,1.0,1.0,2.0,10.0,12.0,24.0,29.0,1.0,19.0,23.0
779,1,1.0,2.0,3.0,4.0,10.0,12.0,17.0,31.0,17.0,3.0,23.0
780,1,1.0,2.0,3.0,4.0,10.0,12.0,17.0,31.0,17.0,3.0,23.0
781,1,1.0,2.0,3.0,4.0,10.0,12.0,17.0,31.0,17.0,3.0,23.0
782,1,0.0,0.0,0.0,0.0,10.0,18.0,21.0,24.0,27.0,0.0,23.0
783,1,3.0,4.0,5.0,6.0,11.0,16.0,0.0,25.0,30.0,0.0,23.0
784,1,0.0,0.0,0.0,0.0,0.0,40.0,10.0,10.0,30.0,10.0,23.0
785,1,1.0,7.0,0.0,0.0,12.0,16.0,29.0,32.0,1.0,2.0,23.0
786,1,0.0,0.0,0.0,0.0,15.0,15.0,15.0,25.0,30.0,0.0,23.0
787,1,1.0,1.0,6.0,11.0,11.0,11.0,26.0,26.0,4.0,3.0,23.0
788,1,1.0,1.0,10.0,10.0,9.0,18.0,6.0,16.0,27.0,2.0,23.0
789,1,2.0,3.0,3.0,7.0,10.0,14.0,18.0,21.0,18.0,4.0,23.0
790,1,2.0,4.0,6.0,8.0,11.0,13.0,15.0,17.0,20.0,4.0,23.0
791,1,6.0,8.0,11.0,14.0,17.0,20.0,24.0,0.0,0.0,0.0,23.0
792,1,1.0,1.0,1.0,2.0,2.0,3.0,5.0,10.0,35.0,40.0,23.0
793,1,7.0,7.0,15.0,15.0,15.0,16.0,16.0,3.0,3.0,3.0,23.0
794,1,3.0,4.0,5.0,11.0,19.0,25.0,26.0,1.0,3.0,3.0,23.0
795,1,5.0,7.0,10.0,2.0,16.0,23.0,2.0,2.0,30.0,3.0,23.0
796,1,0.0,0.0,0.0,5.0,12.0,13.0,16.0,22.0,32.0,0.0,23.0
797,1,2.0,3.0,3.0,3.0,3.0,12.0,14.0,26.0,31.0,3.0,23.0
798,1,3.0,5.0,7.0,9.0,11.0,2.0,26.0,31.0,3.0,3.0,23.0
799,1,5.0,4.0,4.0,2.0,10.0,15.0,27.0,26.0,3.0,4.0,23.0
800,1,2.0,4.0,8.0,10.0,13.0,1.0,26.0,30.0,3.0,3.0,23.0
801,1,3.0,4.0,4.0,4.0,4.0,4.0,1.0,1.0,35.0,40.0,23.0
802,1,1.0,2.0,2.0,3.0,10.0,15.0,20.0,31.0,13.0,3.0,23.0
803,1,4.0,5.0,7.0,8.0,10.0,2.0,27.0,31.0,3.0,3.0,23.0
804,1,2.0,3.0,3.0,8.0,18.0,20.0,20.0,20.0,3.0,3.0,23.0
805,1,0.0,1.0,10.0,10.0,14.0,18.0,20.0,16.0,10.0,1.0,23.0
806,1,3.0,5.0,7.0,10.0,11.0,2.0,25.0,31.0,3.0,3.0,23.0
807,1,5.0,4.0,25.0,20.0,3.0,15.0,10.0,9.0,5.0,4.0,23.0
808,1,2.0,3.0,5.0,0.0,10.0,15.0,20.0,25.0,17.0,3.0,23.0
809,1,0.0,0.0,1.0,15.0,15.0,15.0,25.0,25.0,2.0,2.0,23.0
810,1,3.0,4.0,8.0,9.0,12.0,2.0,26.0,31.0,2.0,3.0,23.0
811,1,0.0,0.0,0.0,5.0,10.0,18.0,20.0,20.0,25.0,2.0,23.0
812,1,7.0,8.0,10.0,15.0,15.0,20.0,25.0,0.0,0.0,0.0,23.0
813,1,2.0,6.0,2.0,2.0,15.0,16.0,20.0,33.0,2.0,2.0,23.0
814,1,2.0,11.0,2.0,2.0,12.0,12.0,20.0,33.0,3.0,3.0,23.0
815,1,0.0,0.0,1.0,11.0,11.0,16.0,26.0,31.0,2.0,2.0,23.0
816,1,1.0,1.0,3.0,12.0,16.0,3.0,27.0,31.0,3.0,3.0,23.0
817,1,2.0,2.0,11.0,13.0,2.0,25.0,2.0,37.0,2.0,4.0,23.0
818,1,0.0,0.0,0.0,0.0,5.0,5.0,0.0,30.0,30.0,30.0,23.0
819,1,1.0,2.0,2.0,7.0,10.0,20.0,20.0,30.0,7.0,1.0,23.0
820,1,3.0,3.0,3.0,3.0,7.0,12.0,17.0,22.0,27.0,3.0,23.0
821,1,4.0,6.0,8.0,8.0,8.0,3.0,24.0,33.0,3.0,3.0,23.0
822,1,1.0,11.0,13.0,14.0,15.0,16.0,1.0,27.0,1.0,1.0,23.0
823,1,1.0,1.0,3.0,9.0,18.0,23.0,22.0,19.0,1.0,3.0,23.0
824,1,1.0,3.0,6.0,2.0,3.0,21.0,26.0,31.0,3.0,4.0,23.0
825,1,4.0,6.0,9.0,14.0,18.0,21.0,25.0,1.0,1.0,1.0,23.0
826,1,3.0,5.0,9.0,9.0,12.0,1.0,27.0,28.0,2.0,3.0,23.0
827,1,2.0,5.0,8.0,10.0,13.0,1.0,26.0,31.0,2.0,2.0,23.0
828,1,2.0,5.0,8.0,10.0,13.0,1.0,26.0,31.0,2.0,2.0,23.0
829,1,0.0,18.0,18.0,1.0,1.0,1.0,1.0,20.0,20.0,20.0,23.0
830,1,4.0,7.0,11.0,14.0,18.0,21.0,25.0,0.0,0.0,0.0,23.0
831,1,4.0,4.0,5.0,7.0,10.0,12.0,21.0,31.0,3.0,3.0,23.0
832,1,1.0,1.0,7.0,9.0,11.0,6.0,28.0,32.0,2.0,3.0,23.0
833,1,2.0,3.0,3.0,7.0,10.0,15.0,18.0,21.0,18.0,3.0,23.0
834,1,3.0,3.0,3.0,3.0,3.0,2.0,4.0,32.0,3.0,44.0,23.0
835,1,1.0,1.0,1.0,15.0,20.0,20.0,20.0,20.0,1.0,1.0,23.0
836,1,0.0,0.0,0.0,0.0,18.0,18.0,20.0,20.0,24.0,0.0,23.0
837,1,7.0,7.0,7.0,9.0,15.0,25.0,30.0,0.0,0.0,0.0,23.0
838,1,2.0,3.0,4.0,5.0,5.0,8.0,20.0,25.0,25.0,3.0,23.0
839,1,2.0,5.0,5.0,8.0,12.0,12.0,25.0,26.0,2.0,3.0,23.0
840,1,0.0,0.0,8.0,10.0,13.0,18.0,23.0,28.0,0.0,0.0,23.0
841,1,2.0,5.0,6.0,12.0,14.0,1.0,25.0,31.0,2.0,2.0,23.0
842,1,3.0,4.0,4.0,7.0,10.0,13.0,25.0,28.0,3.0,3.0,23.0
843,1,2.0,5.0,8.0,11.0,14.0,17.0,20.0,23.0,0.0,0.0,23.0
844,1,1.0,9.0,1.0,9.0,9.0,1.0,20.0,20.0,20.0,5.0,23.0
845,1,2.0,2.0,3.0,3.0,2.0,2.0,26.0,30.0,27.0,3.0,23.0
846,1,1.0,4.0,13.0,14.0,1.0,1.0,20.0,23.0,22.0,1.0,23.0
847,1,1.0,2.0,2.0,3.0,11.0,21.0,22.0,32.0,3.0,3.0,23.0
848,1,2.0,2.0,6.0,9.0,14.0,17.0,21.0,24.0,3.0,2.0,23.0
849,1,2.0,3.0,3.0,7.0,10.0,14.0,18.0,22.0,18.0,3.0,23.0
850,1,2.0,3.0,3.0,7.0,10.0,14.0,18.0,22.0,18.0,3.0,23.0
851,1,0.0,1.0,2.0,10.0,12.0,15.0,17.0,19.0,21.0,3.0,23.0
852,1,3.0,5.0,8.0,10.0,13.0,1.0,26.0,30.0,2.0,2.0,23.0
853,1,3.0,5.0,8.0,10.0,13.0,1.0,26.0,30.0,2.0,2.0,23.0
854,1,1.0,4.0,2.0,3.0,21.0,21.0,21.0,21.0,3.0,3.0,23.0
855,1,3.0,7.0,10.0,14.0,17.0,21.0,25.0,1.0,1.0,1.0,23.0
856,1,3.0,6.0,1.0,12.0,15.0,18.0,21.0,24.0,0.0,0.0,23.0
857,1,3.0,3.0,3.0,5.0,5.0,5.0,35.0,35.0,3.0,3.0,23.0
858,1,1.0,1.0,8.0,10.0,13.0,2.0,28.0,33.0,2.0,2.0,23.0
859,1,2.0,3.0,3.0,7.0,10.0,14.0,18.0,21.0,19.0,3.0,23.0
860,1,1.0,1.0,3.0,13.0,18.0,3.0,25.0,30.0,3.0,3.0,23.0
861,1,1.0,1.0,12.0,14.0,31.0,31.0,1.0,1.0,4.0,4.0,23.0
862,1,0.0,0.0,10.0,5.0,20.0,20.0,20.0,25.0,0.0,0.0,23.0
863,1,4.0,6.0,9.0,0.0,14.0,3.0,27.0,31.0,3.0,3.0,23.0
864,1,8.0,12.0,6.0,7.0,13.0,14.0,22.0,10.0,5.0,3.0,23.0
865,1,0.0,2.0,14.0,14.0,2.0,14.0,25.0,29.0,0.0,0.0,23.0
866,1,0.0,2.0,9.0,0.0,0.0,5.0,2.0,0.0,41.0,41.0,23.0
867,1,0.0,3.0,3.0,3.0,22.0,22.0,21.0,20.0,3.0,3.0,23.0
868,1,3.0,5.0,7.0,9.0,11.0,13.0,15.0,17.0,20.0,0.0,23.0
869,1,3.0,6.0,9.0,13.0,3.0,10.0,25.0,25.0,3.0,3.0,23.0
870,1,6.0,8.0,9.0,11.0,14.0,16.0,17.0,19.0,0.0,0.0,23.0
871,1,6.0,0.0,5.0,7.0,8.0,9.0,16.0,22.0,27.0,0.0,23.0
872,1,6.0,11.0,13.0,15.0,14.0,15.0,2.0,20.0,2.0,2.0,23.0
873,1,8.0,17.0,8.0,12.0,13.0,7.0,8.0,19.0,6.0,2.0,23.0
874,1,10.0,10.0,12.0,14.0,16.0,18.0,20.0,0.0,0.0,0.0,23.0
875,1,0.0,0.0,20.0,20.0,0.0,20.0,20.0,20.0,0.0,0.0,23.0
876,1,0.0,0.0,0.0,3.0,3.0,3.0,23.0,41.0,24.0,3.0,23.0
877,1,2.0,2.0,11.0,2.0,2.0,2.0,2.0,34.0,2.0,41.0,23.0
878,1,5.0,5.0,31.0,30.0,4.0,1.0,2.0,10.0,7.0,5.0,23.0
879,1,11.0,7.0,12.0,10.0,15.0,20.0,25.0,0.0,0.0,0.0,23.0
880,1,2.0,6.0,1.0,6.0,12.0,13.0,26.0,30.0,2.0,2.0,23.0
881,1,1.0,3.0,3.0,3.0,3.0,23.0,27.0,33.0,2.0,2.0,23.0
882,1,2.0,0.0,0.0,1.0,12.0,14.0,12.0,15.0,0.0,44.0,23.0
883,1,1.0,3.0,1.0,1.0,14.0,21.0,24.0,31.0,3.0,1.0,23.0
884,1,24.0,3.0,3.0,24.0,14.0,2.0,11.0,9.0,6.0,4.0,23.0
885,1,0.0,2.0,11.0,6.0,3.0,30.0,2.0,12.0,34.0,0.0,23.0
886,1,5.0,5.0,10.0,15.0,20.0,25.0,17.0,1.0,1.0,1.0,23.0
887,1,5.0,6.0,9.0,16.0,0.0,26.0,31.0,1.0,4.0,2.0,23.0
888,1,1.0,1.0,1.0,2.0,2.0,4.0,12.0,14.0,13.0,50.0,23.0
889,1,1.0,1.0,1.0,2.0,3.0,4.0,5.0,11.0,21.0,51.0,23.0
890,1,1.0,1.0,3.0,0.0,0.0,9.0,15.0,35.0,35.0,1.0,23.0
891,1,1.0,1.0,1.0,17.0,1.0,21.0,1.0,27.0,29.0,1.0,23.0
892,1,1.0,10.0,10.0,10.0,10.0,10.0,13.0,14.0,21.0,1.0,23.0
893,1,6.0,0.0,16.0,20.0,0.0,1.0,46.0,1.0,6.0,4.0,23.0
894,1,12.0,11.0,2.0,2.0,11.0,15.0,17.0,26.0,2.0,2.0,23.0
895,1,0.0,0.0,11.0,11.0,21.0,21.0,1.0,1.0,32.0,2.0,23.0
896,1,35.0,25.0,5.0,5.0,5.0,5.0,5.0,5.0,5.0,5.0,23.0
897,1,9.0,10.0,11.0,12.0,13.0,14.0,15.0,16.0,0.0,0.0,23.0
898,1,0.0,12.0,12.0,12.0,12.0,12.0,0.0,40.0,0.0,0.0,23.0
899,1,13.0,21.0,5.0,5.0,14.0,16.0,10.0,8.0,5.0,3.0,23.0
900,1,4.0,6.0,8.0,2.0,16.0,0.0,28.0,32.0,2.0,2.0,23.0
901,1,0.0,0.0,10.0,10.0,12.0,12.0,26.0,26.0,0.0,0.0,23.0
902,1,1.0,2.0,2.0,2.0,2.0,2.0,11.0,1.0,26.0,51.0,23.0
903,1,6.0,11.0,11.0,11.0,2.0,21.0,2.0,32.0,2.0,2.0,23.0
904,1,2.0,1.0,5.0,4.0,48.0,5.0,19.0,5.0,2.0,9.0,23.0
905,1,1.0,2.0,2.0,2.0,17.0,19.0,21.0,36.0,0.0,0.0,23.0
906,1,4.0,2.0,24.0,28.0,2.0,12.0,14.0,6.0,5.0,3.0,23.0
907,1,1.0,1.0,1.0,1.0,17.0,21.0,26.0,30.0,1.0,1.0,23.0
908,1,3.0,3.0,21.0,21.0,21.0,21.0,4.0,4.0,1.0,1.0,23.0
909,1,18.0,16.0,15.0,13.0,11.0,9.0,7.0,5.0,4.0,2.0,23.0
910,1,14.0,14.0,14.0,14.0,14.0,14.0,14.0,0.0,1.0,1.0,23.0
911,1,0.0,1.0,1.0,1.0,1.0,2.0,21.0,31.0,41.0,1.0,23.0
912,1,12.0,12.0,7.0,7.0,23.0,23.0,13.0,1.0,1.0,1.0,23.0
913,1,4.0,4.0,31.0,25.0,3.0,9.0,9.0,8.0,5.0,2.0,23.0
914,1,2.0,2.0,2.0,30.0,30.0,20.0,5.0,5.0,2.0,2.0,23.0
915,1,10.0,2.0,4.0,27.0,13.0,20.0,0.0,6.0,17.0,1.0,23.0
916,1,28.0,1.0,17.0,6.0,5.0,4.0,3.0,9.0,2.0,21.0,23.0
917,1,4.0,4.0,25.0,22.0,22.0,2.0,4.0,3.0,2.0,2.0,23.0
918,1,0.0,0.0,35.0,0.0,6.0,0.0,33.0,3.0,2.0,21.0,23.0
919,1,1.0,1.0,2.0,2.0,2.0,6.0,6.0,4.0,3.0,73.0,23.0
920,1,2.0,0.0,2.0,4.0,2.0,5.0,1.0,3.0,11.0,70.0,23.0
921,1,19.0,17.0,15.0,13.0,11.0,11.0,8.0,6.0,0.0,0.0,23.0
922,1,7.0,8.0,1.0,13.0,32.0,30.0,7.0,1.0,1.0,0.0,23.0
923,1,0.0,4.0,31.0,27.0,14.0,0.0,12.0,8.0,3.0,1.0,23.0
924,1,3.0,0.0,0.0,7.0,12.0,4.0,2.0,12.0,5.0,5.0,23.0
925,1,12.0,15.0,20.0,24.0,2.0,2.0,22.0,1.0,1.0,1.0,23.0
926,1,22.0,27.0,27.0,5.0,4.0,5.0,4.0,4.0,1.0,1.0,23.0
927,1,0.0,0.0,0.0,0.0,0.0,0.0,7.0,0.0,32.0,61.0,23.0
928,1,0.0,0.0,1.0,1.0,3.0,1.0,3.0,3.0,1.0,87.0,23.0
929,1,10.0,15.0,20.0,30.0,20.0,1.0,1.0,1.0,2.0,0.0,23.0
930,1,0.0,1.0,1.0,2.0,1.0,1.0,1.0,2.0,1.0,90.0,23.0
931,1,2.0,13.0,1.0,2.0,62.0,5.0,2.0,1.0,11.0,1.0,23.0
932,1,1.0,1.0,1.0,1.0,1.0,1.0,1.0,1.0,1.0,91.0,23.0
933,1,1.0,1.0,1.0,1.0,1.0,1.0,1.0,1.0,1.0,91.0,23.0
934,1,31.0,26.0,23.0,11.0,2.0,2.0,0.0,2.0,3.0,0.0,23.0
935,1,1.0,1.0,1.0,1.0,1.0,1.0,1.0,1.0,1.0,1.0,23.0
936,1,0.0,0.0,0.0,0.0,0.0,0.0,0.0,0.0,0.0,100.0,23.0
937,1,0.0,0.0,0.0,0.0,0.0,0.0,0.0,0.0,0.0,100.0,23.0
938,1,34.0,30.0,30.0,0.0,0.0,0.0,0.0,0.0,0.0,6.0,23.0
939,1,32.0,26.0,23.0,0.0,19.0,0.0,0.0,0.0,0.0,0.0,23.0
940,1,35.0,30.0,30.0,0.0,0.0,0.0,0.0,0.0,0.0,5.0,23.0
941,1,0.0,0.0,0.0,0.0,0.0,0.0,0.0,0.0,100.0,0.0,23.0
942,1,100.0,0.0,0.0,0.0,0.0,0.0,0.0,0.0,0.0,0.0,23.0
943,1,0.0,1.0,2.0,16.0,21.0,3.0,2.0,1.0,32.0,22.0,23.0
944,1,0.0,3.0,4.0,14.0,15.0,5.0,5.0,5.0,33.0,16.0,23.0
945,1,0.0,0.0,0.0,15.0,19.0,1.0,1.0,1.0,32.0,31.0,23.0
946,1,3.0,3.0,3.0,17.0,17.0,3.0,4.0,4.0,23.0,23.0,23.0
947,1,0.0,0.0,0.0,16.0,21.0,0.0,0.0,0.0,36.0,27.0,23.0
948,1,1.0,1.0,2.0,16.0,19.0,4.0,4.0,4.0,22.0,27.0,23.0
949,1,0.0,0.0,0.0,16.0,21.0,0.0,0.0,0.0,31.0,32.0,23.0
950,1,0.0,8.0,0.0,0.0,0.0,1.0,28.0,1.0,33.0,29.0,23.0
951,1,1.0,1.0,12.0,1.0,1.0,24.0,1.0,1.0,28.0,30.0,23.0
952,1,6.0,0.0,0.0,0.0,0.0,1.0,2.0,33.0,33.0,25.0,23.0
953,1,1.0,1.0,2.0,18.0,18.0,2.0,3.0,3.0,26.0,26.0,23.0
954,1,0.0,0.0,12.0,0.0,1.0,22.0,1.0,1.0,32.0,31.0,23.0
955,1,2.0,6.0,2.0,14.0,21.0,2.0,6.0,5.0,21.0,21.0,23.0
956,1,0.0,0.0,0.0,16.0,16.0,2.0,2.0,2.0,31.0,31.0,23.0
957,1,1.0,1.0,1.0,15.0,20.0,1.0,1.0,1.0,30.0,29.0,23.0
958,1,1.0,2.0,3.0,5.0,16.0,21.0,5.0,5.0,21.0,21.0,23.0
959,1,1.0,1.0,1.0,6.0,17.0,17.0,6.0,6.0,22.0,23.0,23.0
960,1,0.0,0.0,0.0,17.0,17.0,0.0,0.0,0.0,30.0,36.0,23.0
961,1,0.0,8.0,0.0,0.0,0.0,0.0,28.0,0.0,32.0,32.0,23.0
962,0,6.0,0.0,0.0,0.0,0.0,0.0,0.0,38.0,32.0,24.0,9.0
963,0,0.0,0.0,0.0,0.0,22.0,23.0,28.0,0.0,0.0,27.0,9.0
964,0,1.0,3.0,3.0,20.0,20.0,3.0,5.0,5.0,20.0,20.0,9.0
965,0,4.0,7.0,10.0,13.0,4.0,4.0,4.0,4.0,23.0,27.0,9.0
966,0,9.0,0.0,0.0,0.0,0.0,0.0,0.0,32.0,32.0,27.0,9.0
967,0,3.0,7.0,7.0,13.0,17.0,3.0,3.0,3.0,22.0,22.0,9.0
968,0,9.0,1.0,1.0,1.0,1.0,1.0,1.0,35.0,25.0,25.0,9.0
969,0,0.0,0.0,15.0,15.0,15.0,20.0,5.0,5.0,5.0,20.0,9.0
970,0,0.0,1.0,8.0,14.0,16.0,1.0,22.0,3.0,25.0,10.0,9.0
971,0,0.0,0.0,0.0,15.0,18.0,1.0,1.0,1.0,26.0,38.0,9.0
972,0,3.0,6.0,9.0,12.0,15.0,18.0,5.0,5.0,16.0,11.0,9.0
973,0,1.0,4.0,4.0,4.0,16.0,21.0,22.0,4.0,11.0,13.0,9.0
974,0,3.0,6.0,6.0,14.0,14.0,14.0,6.0,6.0,15.0,16.0,9.0
975,0,0.0,0.0,9.0,13.0,13.0,23.0,3.0,3.0,4.0,32.0,9.0
976,0,1.0,2.0,4.0,7.0,14.0,22.0,3.0,3.0,23.0,21.0,9.0
977,0,2.0,0.0,2.0,12.0,2.0,22.0,3.0,30.0,6.0,21.0,9.0
978,0,1.0,1.0,9.0,3.0,3.0,2.0,28.0,32.0,7.0,14.0,9.0
979,0,2.0,2.0,8.0,11.0,17.0,17.0,8.0,11.0,12.0,12.0,9.0
980,0,0.0,2.0,2.0,2.0,21.0,22.0,2.0,2.0,23.0,24.0,9.0
981,0,0.0,1.0,1.0,12.0,21.0,2.0,1.0,1.0,29.0,32.0,9.0
982,0,2.0,3.0,15.0,15.0,15.0,15.0,5.0,5.0,5.0,20.0,9.0
983,0,0.0,0.0,3.0,3.0,20.0,16.0,3.0,20.0,24.0,11.0,9.0
984,0,3.0,3.0,3.0,8.0,17.0,17.0,9.0,6.0,17.0,17.0,9.0
985,0,5.0,1.0,8.0,13.0,12.0,23.0,3.0,2.0,25.0,8.0,9.0
986,0,0.0,0.0,0.0,0.0,19.0,24.0,27.0,0.0,0.0,30.0,9.0
987,0,0.0,2.0,2.0,15.0,5.0,25.0,3.0,31.0,5.0,12.0,9.0
988,0,1.0,4.0,6.0,12.0,18.0,22.0,3.0,3.0,5.0,26.0,9.0
989,0,4.0,0.0,6.0,13.0,13.0,25.0,1.0,3.0,26.0,9.0,9.0
990,0,3.0,0.0,8.0,12.0,12.0,22.0,3.0,2.0,32.0,6.0,9.0
991,0,4.0,8.0,7.0,8.0,13.0,16.0,4.0,5.0,22.0,13.0,9.0
992,0,2.0,5.0,10.0,10.0,18.0,18.0,3.0,3.0,23.0,8.0,9.0
993,0,6.0,8.0,8.0,12.0,17.0,17.0,6.0,7.0,9.0,10.0,9.0
994,0,1.0,8.0,9.0,16.0,1.0,1.0,1.0,1.0,31.0,31.0,9.0
995,0,4.0,10.0,6.0,15.0,18.0,10.0,5.0,6.0,12.0,14.0,9.0
996,0,0.0,9.0,11.0,13.0,16.0,3.0,3.0,3.0,21.0,21.0,9.0
997,0,1.0,1.0,5.0,1.0,11.0,23.0,28.0,3.0,11.0,16.0,9.0
998,0,0.0,0.0,2.0,5.0,14.0,22.0,29.0,0.0,6.0,22.0,9.0
999,0,2.0,6.0,11.0,16.0,16.0,21.0,3.0,3.0,11.0,11.0,9.0
1000,0,0.0,2.0,11.0,11.0,16.0,3.0,21.0,5.0,26.0,5.0,9.0
1001,0,3.0,5.0,3.0,15.0,15.0,23.0,5.0,5.0,6.0,17.0,9.0
1002,0,3.0,8.0,10.0,12.0,12.0,22.0,11.0,7.0,7.0,8.0,9.0
1003,0,0.0,5.0,6.0,8.0,12.0,22.0,3.0,31.0,6.0,7.0,9.0
1004,0,6.0,5.0,0.0,0.0,0.0,0.0,0.0,37.0,32.0,20.0,9.0
1005,0,6.0,6.0,9.0,11.0,13.0,16.0,8.0,8.0,9.0,14.0,9.0
1006,0,4.0,6.0,4.0,11.0,12.0,4.0,9.0,4.0,34.0,12.0,9.0
1007,0,1.0,0.0,9.0,12.0,15.0,4.0,21.0,5.0,28.0,5.0,9.0
1008,0,2.0,2.0,2.0,8.0,13.0,22.0,3.0,3.0,23.0,22.0,9.0
1009,0,3.0,2.0,9.0,10.0,12.0,23.0,3.0,2.0,29.0,7.0,9.0
1010,0,3.0,6.0,11.0,16.0,16.0,21.0,3.0,3.0,10.0,11.0,9.0
1011,0,1.0,1.0,7.0,8.0,20.0,3.0,8.0,25.0,20.0,7.0,9.0
1012,0,1.0,5.0,7.0,12.0,12.0,3.0,21.0,21.0,7.0,11.0,9.0
1013,0,1.0,4.0,11.0,3.0,16.0,16.0,16.0,6.0,11.0,16.0,9.0
1014,0,0.0,2.0,3.0,3.0,12.0,22.0,3.0,26.0,21.0,8.0,9.0
1015,0,4.0,6.0,8.0,13.0,18.0,8.0,5.0,23.0,7.0,8.0,9.0
1016,0,4.0,4.0,11.0,16.0,16.0,5.0,11.0,11.0,11.0,11.0,9.0
1017,0,4.0,4.0,5.0,16.0,21.0,26.0,4.0,4.0,8.0,8.0,9.0
1018,0,0.0,5.0,6.0,8.0,12.0,22.0,2.0,32.0,6.0,7.0,9.0
1019,0,0.0,6.0,2.0,11.0,4.0,16.0,6.0,21.0,8.0,26.0,9.0
1020,0,0.0,0.0,11.0,14.0,18.0,22.0,1.0,0.0,1.0,33.0,9.0
1021,0,1.0,6.0,9.0,16.0,5.0,15.0,9.0,12.0,15.0,12.0,9.0
1022,0,1.0,8.0,2.0,13.0,0.0,17.0,20.0,6.0,27.0,6.0,9.0
1023,0,6.0,6.0,6.0,0.0,0.0,21.0,21.0,4.0,26.0,10.0,9.0
1024,0,2.0,4.0,12.0,16.0,4.0,6.0,4.0,4.0,22.0,26.0,9.0
1025,0,1.0,1.0,1.0,2.0,21.0,21.0,5.0,21.0,21.0,6.0,9.0
1026,0,0.0,6.0,1.0,2.0,21.0,22.0,27.0,4.0,4.0,13.0,9.0
1027,0,1.0,2.0,2.0,13.0,2.0,21.0,2.0,33.0,3.0,21.0,9.0
1028,0,0.0,0.0,11.0,15.0,18.0,22.0,0.0,0.0,0.0,34.0,9.0
1029,0,0.0,3.0,13.0,18.0,18.0,3.0,23.0,3.0,11.0,8.0,9.0
1030,0,2.0,1.0,2.0,11.0,16.0,2.0,2.0,2.0,31.0,31.0,9.0
1031,0,0.0,0.0,0.0,0.0,16.0,22.0,0.0,0.0,28.0,34.0,9.0
1032,0,2.0,2.0,12.0,13.0,16.0,2.0,20.0,5.0,23.0,5.0,9.0
1033,0,3.0,5.0,6.0,8.0,14.0,13.0,3.0,5.0,20.0,23.0,9.0
1034,0,1.0,2.0,7.0,13.0,14.0,16.0,5.0,24.0,9.0,9.0,9.0
1035,0,0.0,5.0,7.0,9.0,12.0,22.0,2.0,31.0,5.0,7.0,9.0
1036,0,5.0,6.0,11.0,12.0,12.0,16.0,4.0,4.0,4.0,26.0,9.0
1037,0,5.0,7.0,9.0,11.0,15.0,6.0,4.0,6.0,17.0,18.0,9.0
1038,0,0.0,0.0,3.0,9.0,12.0,22.0,6.0,32.0,8.0,8.0,9.0
1039,0,2.0,3.0,4.0,11.0,14.0,22.0,26.0,5.0,6.0,7.0,9.0
1040,0,1.0,7.0,8.0,11.0,13.0,2.0,28.0,3.0,13.0,14.0,9.0
1041,0,3.0,6.0,7.0,8.0,2.0,13.0,15.0,1.0,33.0,12.0,9.0
1042,0,3.0,5.0,10.0,12.0,15.0,17.0,12.0,12.0,7.0,7.0,9.0
1043,0,8.0,10.0,1.0,1.0,1.0,1.0,1.0,33.0,22.0,22.0,9.0
1044,0,1.0,1.0,1.0,13.0,16.0,19.0,2.0,2.0,24.0,21.0,9.0
1045,0,4.0,4.0,4.0,4.0,14.0,14.0,14.0,8.0,26.0,8.0,9.0
1046,0,2.0,2.0,6.0,12.0,17.0,12.0,28.0,7.0,7.0,7.0,9.0
1047,0,10.0,0.0,10.0,0.0,20.0,0.0,0.0,0.0,30.0,30.0,9.0
1048,0,5.0,6.0,6.0,14.0,6.0,23.0,22.0,6.0,6.0,6.0,9.0
1049,0,1.0,3.0,8.0,5.0,12.0,22.0,2.0,33.0,6.0,8.0,9.0
1050,0,5.0,6.0,7.0,8.0,9.0,17.0,18.0,6.0,11.0,13.0,9.0
1051,0,0.0,5.0,9.0,14.0,5.0,15.0,8.0,3.0,9.0,32.0,9.0
1052,0,2.0,6.0,9.0,9.0,12.0,5.0,5.0,5.0,14.0,33.0,9.0
1053,0,4.0,7.0,4.0,6.0,13.0,14.0,14.0,6.0,19.0,13.0,9.0
1054,0,6.0,4.0,13.0,10.0,12.0,14.0,5.0,11.0,15.0,10.0,9.0
1055,0,0.0,2.0,9.0,12.0,15.0,2.0,2.0,2.0,27.0,27.0,9.0
1056,0,7.0,8.0,10.0,13.0,14.0,3.0,7.0,20.0,7.0,11.0,9.0
1057,0,4.0,5.0,7.0,11.0,15.0,18.0,24.0,4.0,6.0,6.0,9.0
1058,0,2.0,2.0,9.0,2.0,7.0,6.0,27.0,19.0,10.0,16.0,9.0
1059,0,0.0,4.0,12.0,19.0,25.0,4.0,5.0,6.0,8.0,17.0,9.0
1060,0,2.0,2.0,5.0,8.0,13.0,17.0,27.0,3.0,12.0,11.0,9.0
1061,0,7.0,2.0,4.0,20.0,23.0,4.0,2.0,12.0,12.0,14.0,9.0
1062,0,5.0,5.0,10.0,10.0,5.0,5.0,5.0,25.0,5.0,25.0,9.0
1063,0,7.0,10.0,13.0,15.0,18.0,8.0,5.0,8.0,8.0,8.0,9.0
1064,0,0.0,6.0,8.0,6.0,18.0,13.0,3.0,34.0,6.0,6.0,9.0
1065,0,0.0,8.0,11.0,15.0,4.0,25.0,4.0,4.0,6.0,23.0,9.0
1066,0,0.0,0.0,1.0,13.0,2.0,4.0,30.0,31.0,13.0,6.0,9.0
1067,0,6.0,6.0,4.0,11.0,13.0,13.0,5.0,19.0,10.0,13.0,9.0
1068,0,3.0,6.0,8.0,4.0,13.0,12.0,17.0,12.0,8.0,17.0,9.0
1069,0,0.0,1.0,6.0,10.0,15.0,18.0,2.0,2.0,23.0,23.0,9.0
1070,0,1.0,4.0,9.0,16.0,25.0,16.0,9.0,6.0,4.0,10.0,9.0
1071,0,7.0,0.0,0.0,0.0,0.0,0.0,0.0,31.0,31.0,31.0,9.0
1072,0,7.0,0.0,0.0,0.0,0.0,0.0,0.0,31.0,31.0,31.0,9.0
1073,0,7.0,0.0,0.0,0.0,0.0,0.0,0.0,31.0,31.0,31.0,9.0
1074,0,7.0,0.0,0.0,0.0,0.0,0.0,0.0,31.0,31.0,31.0,9.0
1075,0,0.0,5.0,7.0,9.0,12.0,22.0,3.0,32.0,4.0,6.0,9.0
1076,0,1.0,2.0,14.0,13.0,13.0,14.0,4.0,4.0,4.0,31.0,9.0
1077,0,4.0,5.0,4.0,16.0,11.0,16.0,16.0,16.0,6.0,6.0,9.0
1078,0,4.0,6.0,8.0,11.0,11.0,12.0,13.0,6.0,14.0,15.0,9.0
1079,0,13.0,9.0,5.0,16.0,14.0,4.0,9.0,5.0,14.0,11.0,9.0
1080,0,1.0,3.0,8.0,12.0,16.0,5.0,21.0,2.0,27.0,5.0,9.0
1081,0,3.0,6.0,6.0,7.0,13.0,13.0,12.0,8.0,16.0,16.0,9.0
1082,0,6.0,4.0,6.0,6.0,0.0,12.0,0.0,32.0,22.0,12.0,9.0
1083,0,0.0,0.0,0.0,6.0,6.0,8.0,32.0,8.0,32.0,8.0,9.0
1084,0,4.0,4.0,4.0,18.0,16.0,14.0,14.0,12.0,8.0,6.0,9.0
1085,0,1.0,4.0,9.0,16.0,11.0,11.0,8.0,13.0,5.0,22.0,9.0
1086,0,3.0,3.0,4.0,18.0,24.0,24.0,6.0,6.0,6.0,6.0,9.0
1087,0,1.0,5.0,10.0,1.0,15.0,25.0,1.0,1.0,30.0,11.0,9.0
1088,0,2.0,3.0,3.0,16.0,11.0,6.0,16.0,16.0,16.0,11.0,9.0
1089,0,6.0,0.0,0.0,0.0,0.0,0.0,0.0,31.0,31.0,32.0,9.0
1090,0,6.0,0.0,0.0,0.0,0.0,0.0,0.0,31.0,31.0,32.0,9.0
1091,0,1.0,3.0,3.0,5.0,7.0,3.0,28.0,10.0,31.0,9.0,9.0
1092,0,0.0,5.0,7.0,9.0,18.0,16.0,3.0,31.0,6.0,5.0,9.0
1093,0,5.0,5.0,7.0,9.0,12.0,21.0,27.0,2.0,5.0,7.0,9.0
1094,0,2.0,4.0,8.0,11.0,16.0,2.0,27.0,4.0,21.0,5.0,9.0
1095,0,2.0,5.0,6.0,10.0,13.0,7.0,10.0,11.0,18.0,18.0,9.0
1096,0,0.0,0.0,15.0,15.0,15.0,4.0,15.0,1.0,15.0,20.0,9.0
1097,0,2.0,2.0,8.0,4.0,18.0,7.0,21.0,11.0,21.0,6.0,9.0
1098,0,3.0,3.0,8.0,8.0,11.0,18.0,3.0,3.0,23.0,20.0,9.0
1099,0,2.0,8.0,12.0,4.0,4.0,4.0,10.0,16.0,24.0,16.0,9.0
1100,0,3.0,4.0,11.0,14.0,18.0,21.0,1.0,1.0,1.0,26.0,9.0
1101,0,3.0,6.0,10.0,16.0,9.0,10.0,13.0,14.0,11.0,8.0,9.0
1102,0,3.0,5.0,8.0,10.0,13.0,3.0,17.0,19.0,10.0,12.0,9.0
1103,0,1.0,3.0,8.0,2.0,15.0,25.0,28.0,6.0,6.0,6.0,9.0
1104,0,2.0,7.0,12.0,16.0,21.0,23.0,4.0,3.0,6.0,6.0,9.0
1105,0,5.0,10.0,12.0,15.0,8.0,5.0,10.0,10.0,10.0,15.0,9.0
1106,0,1.0,3.0,4.0,6.0,4.0,5.0,25.0,36.0,8.0,8.0,9.0
1107,0,5.0,6.0,9.0,11.0,4.0,8.0,26.0,8.0,12.0,11.0,9.0
1108,0,1.0,1.0,1.0,17.0,17.0,13.0,20.0,5.0,5.0,20.0,9.0
1109,0,4.0,4.0,4.0,13.0,5.0,11.0,5.0,22.0,25.0,7.0,9.0
1110,0,2.0,1.0,5.0,6.0,18.0,10.0,25.0,1.0,15.0,17.0,9.0
1111,0,6.0,6.0,6.0,6.0,7.0,20.0,2.0,32.0,8.0,7.0,9.0
1112,0,0.0,5.0,5.0,5.0,13.0,8.0,2.0,32.0,22.0,8.0,9.0
1113,0,0.0,7.0,7.0,9.0,16.0,15.0,3.0,33.0,5.0,5.0,9.0
1114,0,5.0,5.0,7.0,9.0,12.0,22.0,26.0,2.0,6.0,6.0,9.0
1115,0,6.0,11.0,11.0,16.0,16.0,16.0,6.0,6.0,6.0,6.0,9.0
1116,0,2.0,5.0,6.0,12.0,12.0,23.0,4.0,26.0,4.0,6.0,9.0
1117,0,7.0,9.0,12.0,12.0,11.0,12.0,11.0,7.0,12.0,7.0,9.0
1118,0,0.0,11.0,3.0,11.0,16.0,4.0,21.0,4.0,4.0,26.0,9.0
1119,0,2.0,3.0,5.0,8.0,10.0,18.0,7.0,7.0,28.0,12.0,9.0
1120,0,0.0,2.0,2.0,10.0,4.0,15.0,3.0,33.0,21.0,10.0,9.0
1121,0,1.0,3.0,7.0,11.0,16.0,20.0,24.0,6.0,6.0,6.0,9.0
1122,0,3.0,6.0,3.0,11.0,12.0,7.0,12.0,12.0,17.0,17.0,9.0
1123,0,6.0,6.0,6.0,6.0,6.0,6.0,6.0,6.0,26.0,26.0,9.0
1124,0,6.0,6.0,6.0,6.0,6.0,6.0,6.0,6.0,26.0,26.0,9.0
1125,0,0.0,6.0,8.0,11.0,14.0,17.0,2.0,33.0,3.0,6.0,9.0
1126,0,2.0,3.0,7.0,10.0,13.0,16.0,19.0,10.0,10.0,10.0,9.0
1127,0,6.0,14.0,6.0,16.0,4.0,16.0,4.0,14.0,6.0,14.0,9.0
1128,0,6.0,8.0,11.0,15.0,19.0,23.0,3.0,3.0,6.0,6.0,9.0
1129,0,2.0,7.0,2.0,2.0,16.0,2.0,5.0,21.0,21.0,22.0,9.0
1130,0,1.0,1.0,8.0,13.0,15.0,21.0,23.0,6.0,6.0,6.0,9.0
1131,0,3.0,6.0,6.0,9.0,17.0,20.0,4.0,4.0,27.0,4.0,9.0
1132,0,2.0,3.0,8.0,10.0,15.0,8.0,6.0,36.0,6.0,6.0,9.0
1133,0,2.0,4.0,4.0,15.0,15.0,15.0,15.0,5.0,20.0,5.0,9.0
1134,0,0.0,5.0,7.0,12.0,12.0,22.0,3.0,3.0,32.0,4.0,9.0
1135,0,0.0,5.0,7.0,12.0,11.0,22.0,2.0,32.0,2.0,7.0,9.0
1136,0,1.0,2.0,4.0,14.0,14.0,16.0,18.0,1.0,16.0,14.0,9.0
1137,0,5.0,8.0,9.0,1.0,1.0,1.0,1.0,34.0,25.0,15.0,9.0
1138,0,3.0,3.0,12.0,3.0,0.0,20.0,0.0,0.0,25.0,34.0,9.0
1139,0,0.0,5.0,6.0,8.0,13.0,23.0,3.0,32.0,5.0,5.0,9.0
1140,0,0.0,1.0,1.0,14.0,14.0,14.0,14.0,14.0,14.0,14.0,9.0
1141,0,15.0,0.0,10.0,0.0,20.0,0.0,0.0,0.0,30.0,25.0,9.0
1142,0,2.0,3.0,7.0,12.0,23.0,33.0,3.0,3.0,7.0,7.0,9.0
1143,0,2.0,3.0,7.0,12.0,23.0,33.0,3.0,3.0,7.0,7.0,9.0
1144,0,2.0,2.0,11.0,7.0,2.0,14.0,10.0,15.0,21.0,16.0,9.0
1145,0,1.0,1.0,10.0,15.0,20.0,20.0,0.0,0.0,3.0,30.0,9.0
1146,0,2.0,4.0,8.0,11.0,13.0,13.0,13.0,13.0,13.0,10.0,9.0
1147,0,6.0,6.0,6.0,6.0,6.0,23.0,6.0,29.0,6.0,6.0,9.0
1148,0,2.0,2.0,2.0,3.0,3.0,3.0,5.0,32.0,27.0,21.0,9.0
1149,0,0.0,1.0,10.0,13.0,9.0,11.0,21.0,21.0,7.0,7.0,9.0
1150,0,1.0,0.0,3.0,10.0,5.0,1.0,1.0,34.0,34.0,11.0,9.0
1151,0,3.0,3.0,11.0,12.0,11.0,2.0,21.0,2.0,29.0,6.0,9.0
1152,0,2.0,1.0,3.0,16.0,3.0,11.0,10.0,15.0,19.0,20.0,9.0
1153,0,1.0,11.0,11.0,11.0,11.0,11.0,11.0,11.0,11.0,11.0,9.0
1154,0,1.0,11.0,11.0,11.0,11.0,11.0,11.0,11.0,11.0,11.0,9.0
1155,0,0.0,4.0,3.0,15.0,3.0,16.0,3.0,31.0,3.0,22.0,9.0
1156,0,2.0,2.0,7.0,17.0,22.0,22.0,13.0,4.0,4.0,7.0,9.0
1157,0,0.0,0.0,4.0,15.0,17.0,5.0,22.0,25.0,5.0,7.0,9.0
1158,0,5.0,7.0,9.0,12.0,14.0,16.0,14.0,11.0,7.0,5.0,9.0
1159,0,1.0,1.0,3.0,11.0,4.0,13.0,16.0,8.0,34.0,9.0,9.0
1160,0,0.0,7.0,8.0,6.0,13.0,9.0,6.0,35.0,11.0,5.0,9.0
1161,0,5.0,5.0,7.0,7.0,12.0,12.0,3.0,23.0,13.0,13.0,9.0
1162,0,4.0,4.0,4.0,20.0,15.0,25.0,3.0,2.0,15.0,7.0,9.0
1163,0,0.0,0.0,0.0,11.0,11.0,17.0,21.0,18.0,11.0,11.0,9.0
1164,0,1.0,7.0,5.0,4.0,17.0,8.0,2.0,13.0,8.0,35.0,9.0
1165,0,0.0,1.0,4.0,6.0,8.0,12.0,24.0,32.0,6.0,7.0,9.0
1166,0,1.0,4.0,6.0,12.0,18.0,2.0,24.0,2.0,26.0,5.0,9.0
1167,0,3.0,8.0,12.0,13.0,20.0,25.0,4.0,4.0,5.0,6.0,9.0
1168,0,2.0,3.0,7.0,4.0,5.0,5.0,21.0,21.0,9.0,23.0,9.0
1169,0,5.0,1.0,1.0,0.0,0.0,0.0,0.0,31.0,31.0,31.0,9.0
1170,0,0.0,2.0,2.0,14.0,3.0,2.0,22.0,31.0,19.0,5.0,9.0
1171,0,1.0,1.0,9.0,11.0,14.0,11.0,15.0,12.0,15.0,11.0,9.0
1172,0,2.0,6.0,7.0,11.0,2.0,2.0,2.0,2.0,33.0,33.0,9.0
1173,0,0.0,6.0,7.0,11.0,12.0,21.0,3.0,31.0,4.0,5.0,9.0
1174,0,0.0,0.0,11.0,11.0,16.0,3.0,21.0,3.0,31.0,4.0,9.0
1175,0,8.0,8.0,12.0,16.0,1.0,12.0,2.0,2.0,19.0,20.0,9.0
1176,0,3.0,5.0,7.0,16.0,13.0,21.0,22.0,3.0,5.0,5.0,9.0
1177,0,4.0,6.0,8.0,11.0,11.0,10.0,13.0,11.0,14.0,12.0,9.0
1178,0,1.0,3.0,4.0,12.0,4.0,13.0,2.0,2.0,27.0,32.0,9.0
1179,0,3.0,4.0,5.0,9.0,12.0,2.0,22.0,31.0,6.0,6.0,9.0
1180,0,1.0,3.0,4.0,8.0,12.0,13.0,16.0,25.0,6.0,12.0,9.0
1181,0,0.0,3.0,5.0,6.0,18.0,23.0,2.0,32.0,6.0,5.0,9.0
1182,0,2.0,2.0,12.0,21.0,21.0,21.0,3.0,6.0,6.0,6.0,9.0
1183,0,4.0,5.0,7.0,8.0,10.0,5.0,23.0,25.0,6.0,7.0,9.0
1184,0,3.0,5.0,6.0,10.0,13.0,18.0,1.0,1.0,23.0,20.0,9.0
1185,0,2.0,15.0,15.0,15.0,2.0,1.0,1.0,11.0,16.0,22.0,9.0
1186,0,3.0,3.0,13.0,2.0,4.0,1.0,27.0,30.0,10.0,7.0,9.0
1187,0,2.0,4.0,6.0,8.0,12.0,22.0,5.0,31.0,5.0,5.0,9.0
1188,0,10.0,0.0,0.0,0.0,0.0,0.0,0.0,30.0,30.0,30.0,9.0
1189,0,10.0,0.0,0.0,0.0,0.0,0.0,0.0,30.0,30.0,30.0,9.0
1190,0,4.0,6.0,1.0,18.0,20.0,23.0,1.0,2.0,2.0,23.0,9.0
1191,0,0.0,1.0,5.0,2.0,5.0,16.0,28.0,30.0,6.0,7.0,9.0
1192,0,5.0,0.0,0.0,0.0,0.0,0.0,0.0,28.0,32.0,35.0,9.0
1193,0,8.0,8.0,9.0,9.0,10.0,10.0,11.0,11.0,12.0,12.0,9.0
1194,0,0.0,2.0,3.0,3.0,4.0,22.0,26.0,3.0,31.0,6.0,9.0
1195,0,6.0,7.0,8.0,9.0,10.0,10.0,11.0,12.0,13.0,14.0,9.0
1196,0,9.0,9.0,11.0,11.0,9.0,11.0,11.0,9.0,11.0,9.0,9.0
1197,0,12.0,12.0,12.0,12.0,12.0,8.0,8.0,8.0,8.0,8.0,9.0
1198,0,3.0,5.0,1.0,6.0,5.0,11.0,26.0,14.0,17.0,12.0,9.0
1199,0,1.0,1.0,1.0,3.0,4.0,7.0,32.0,37.0,7.0,7.0,9.0
1200,0,4.0,4.0,3.0,2.0,14.0,2.0,26.0,33.0,5.0,7.0,9.0
1201,0,4.0,3.0,7.0,9.0,7.0,8.0,22.0,23.0,9.0,8.0,9.0
1202,0,0.0,0.0,6.0,6.0,6.0,6.0,32.0,32.0,6.0,6.0,9.0
1203,0,4.0,6.0,4.0,11.0,4.0,16.0,4.0,21.0,4.0,26.0,9.0
1204,0,0.0,0.0,3.0,15.0,16.0,19.0,3.0,32.0,6.0,6.0,9.0
1205,0,1.0,1.0,1.0,6.0,6.0,14.0,27.0,28.0,8.0,8.0,9.0
1206,0,0.0,0.0,0.0,1.0,12.0,21.0,3.0,32.0,27.0,4.0,9.0
1207,0,2.0,5.0,6.0,8.0,10.0,20.0,31.0,6.0,6.0,6.0,9.0
1208,0,12.0,7.0,10.0,10.0,10.0,6.0,11.0,8.0,13.0,13.0,9.0
1209,0,0.0,5.0,7.0,12.0,12.0,21.0,3.0,32.0,3.0,5.0,9.0
1210,0,2.0,6.0,8.0,12.0,18.0,3.0,27.0,10.0,10.0,4.0,9.0
1211,0,12.0,0.0,0.0,0.0,0.0,0.0,0.0,30.0,29.0,29.0,9.0
1212,0,5.0,5.0,5.0,5.0,10.0,15.0,5.0,5.0,20.0,25.0,9.0
1213,0,2.0,5.0,6.0,6.0,12.0,6.0,17.0,17.0,17.0,12.0,9.0
1214,0,3.0,6.0,8.0,3.0,17.0,22.0,28.0,3.0,4.0,6.0,9.0
1215,0,10.0,10.0,10.0,10.0,10.0,10.0,5.0,5.0,15.0,15.0,9.0
1216,0,6.0,8.0,11.0,11.0,14.0,22.0,0.0,0.0,22.0,6.0,9.0
1217,0,1.0,5.0,1.0,11.0,5.0,15.0,9.0,19.0,14.0,20.0,9.0
1218,0,4.0,5.0,4.0,4.0,4.0,19.0,22.0,16.0,11.0,11.0,9.0
1219,0,1.0,2.0,3.0,3.0,4.0,5.0,6.0,31.0,35.0,10.0,9.0
1220,0,7.0,9.0,11.0,13.0,13.0,15.0,17.0,5.0,5.0,5.0,9.0
1221,0,3.0,0.0,0.0,0.0,0.0,0.0,0.0,32.0,32.0,33.0,9.0
1222,0,0.0,0.0,1.0,10.0,23.0,24.0,25.0,2.0,7.0,8.0,9.0
1223,0,7.0,12.0,11.0,13.0,11.0,0.0,13.0,8.0,12.0,13.0,9.0
1224,0,0.0,0.0,0.0,0.0,16.0,16.0,2.0,31.0,4.0,31.0,9.0
1225,0,3.0,3.0,14.0,20.0,20.0,20.0,0.0,0.0,10.0,10.0,9.0
1226,0,3.0,4.0,6.0,4.0,4.0,4.0,7.0,31.0,31.0,6.0,9.0
1227,0,0.0,1.0,1.0,11.0,13.0,13.0,1.0,1.0,27.0,32.0,9.0
1228,0,12.0,0.0,0.0,0.0,0.0,0.0,0.0,29.0,29.0,30.0,9.0
1229,0,2.0,5.0,8.0,3.0,6.0,15.0,15.0,14.0,17.0,15.0,9.0
1230,0,2.0,2.0,3.0,3.0,15.0,15.0,15.0,15.0,15.0,15.0,9.0
1231,0,2.0,2.0,3.0,3.0,15.0,15.0,15.0,15.0,15.0,15.0,9.0
1232,0,0.0,4.0,7.0,14.0,12.0,22.0,3.0,2.0,32.0,4.0,9.0
1233,0,4.0,5.0,8.0,16.0,18.0,23.0,15.0,3.0,2.0,6.0,9.0
1234,0,1.0,5.0,10.0,9.0,12.0,22.0,2.0,3.0,32.0,4.0,9.0
1235,0,2.0,3.0,3.0,6.0,6.0,16.0,21.0,31.0,6.0,6.0,9.0
1236,0,0.0,3.0,3.0,3.0,16.0,16.0,21.0,26.0,6.0,6.0,9.0
1237,0,1.0,2.0,5.0,7.0,10.0,1.0,27.0,35.0,6.0,6.0,9.0
1238,0,3.0,3.0,3.0,8.0,13.0,14.0,18.0,26.0,6.0,6.0,9.0
1239,0,2.0,5.0,8.0,11.0,3.0,17.0,3.0,21.0,25.0,5.0,9.0
1240,0,3.0,6.0,6.0,8.0,12.0,12.0,14.0,16.0,16.0,7.0,9.0
1241,0,0.0,6.0,7.0,12.0,12.0,21.0,3.0,31.0,3.0,5.0,9.0
1242,0,5.0,14.0,6.0,17.0,13.0,1.0,4.0,2.0,30.0,8.0,9.0
1243,0,0.0,6.0,7.0,12.0,12.0,21.0,3.0,31.0,3.0,5.0,9.0
1244,0,0.0,6.0,7.0,12.0,12.0,21.0,3.0,31.0,3.0,5.0,9.0
1245,0,0.0,6.0,7.0,12.0,12.0,21.0,3.0,31.0,3.0,5.0,9.0
1246,0,0.0,6.0,7.0,12.0,12.0,21.0,3.0,31.0,3.0,5.0,9.0
1247,0,0.0,6.0,7.0,12.0,12.0,21.0,3.0,31.0,3.0,5.0,9.0
1248,0,1.0,1.0,9.0,2.0,2.0,2.0,27.0,31.0,2.0,23.0,9.0
1249,0,2.0,5.0,7.0,11.0,11.0,21.0,2.0,31.0,5.0,5.0,9.0
1250,0,5.0,6.0,7.0,9.0,12.0,23.0,27.0,1.0,5.0,5.0,9.0
1251,0,3.0,8.0,17.0,14.0,4.0,14.0,6.0,13.0,15.0,6.0,9.0
1252,0,4.0,6.0,8.0,10.0,10.0,10.0,15.0,10.0,10.0,17.0,9.0
1253,0,0.0,0.0,0.0,0.0,16.0,16.0,2.0,31.0,31.0,4.0,9.0
1254,0,4.0,4.0,12.0,16.0,22.0,22.0,5.0,5.0,5.0,5.0,9.0
1255,0,0.0,10.0,7.0,10.0,0.0,0.0,10.0,21.0,21.0,21.0,9.0
1256,0,4.0,6.0,8.0,10.0,12.0,14.0,1.0,1.0,21.0,23.0,9.0
1257,0,0.0,0.0,0.0,0.0,0.0,10.0,30.0,35.0,10.0,15.0,9.0
1258,0,4.0,6.0,7.0,8.0,9.0,10.0,11.0,13.0,15.0,17.0,9.0
1259,0,6.0,11.0,8.0,6.0,7.0,14.0,10.0,15.0,13.0,10.0,9.0
1260,0,1.0,1.0,3.0,3.0,7.0,21.0,26.0,21.0,11.0,6.0,9.0
1261,0,0.0,1.0,3.0,4.0,5.0,6.0,33.0,36.0,6.0,6.0,9.0
1262,0,2.0,3.0,3.0,4.0,6.0,11.0,26.0,26.0,12.0,7.0,9.0
1263,0,1.0,1.0,1.0,1.0,14.0,14.0,1.0,31.0,31.0,5.0,9.0
1264,0,5.0,6.0,7.0,8.0,9.0,12.0,15.0,12.0,12.0,14.0,9.0
1265,0,5.0,7.0,7.0,7.0,7.0,7.0,15.0,15.0,15.0,15.0,9.0
1266,0,1.0,2.0,10.0,3.0,4.0,10.0,14.0,17.0,19.0,20.0,9.0
1267,0,1.0,8.0,9.0,12.0,12.0,19.0,1.0,2.0,32.0,4.0,9.0
1268,0,1.0,0.0,3.0,0.0,13.0,6.0,21.0,21.0,10.0,25.0,9.0
1269,0,9.0,2.0,3.0,3.0,4.0,1.0,3.0,33.0,36.0,6.0,9.0
1270,0,4.0,5.0,8.0,4.0,11.0,9.0,13.0,15.0,14.0,17.0,9.0
1271,0,3.0,3.0,3.0,3.0,3.0,10.0,30.0,33.0,6.0,6.0,9.0
1272,0,2.0,3.0,8.0,11.0,1.0,1.0,31.0,31.0,6.0,6.0,9.0
1273,0,3.0,4.0,7.0,7.0,7.0,7.0,7.0,9.0,22.0,27.0,9.0
1274,0,0.0,0.0,0.0,0.0,17.0,22.0,23.0,0.0,0.0,38.0,9.0
1275,0,2.0,2.0,2.0,6.0,16.0,26.0,5.0,6.0,31.0,4.0,9.0
1276,0,1.0,4.0,3.0,2.0,12.0,13.0,2.0,27.0,30.0,6.0,9.0
1277,0,6.0,3.0,2.0,2.0,2.0,2.0,2.0,27.0,27.0,27.0,9.0
1278,0,2.0,2.0,3.0,12.0,4.0,4.0,30.0,4.0,34.0,5.0,9.0
1279,0,0.0,0.0,0.0,0.0,18.0,21.0,25.0,0.0,0.0,36.0,9.0
1280,0,6.0,7.0,11.0,12.0,0.0,23.0,28.0,0.0,7.0,6.0,9.0
1281,0,0.0,6.0,7.0,11.0,12.0,21.0,3.0,32.0,4.0,4.0,9.0
1282,0,0.0,0.0,14.0,0.0,0.0,0.0,26.0,30.0,0.0,30.0,9.0
1283,0,1.0,2.0,2.0,2.0,12.0,22.0,26.0,3.0,3.0,27.0,9.0
1284,0,3.0,4.0,6.0,10.0,13.0,3.0,23.0,3.0,30.0,5.0,9.0
1285,0,0.0,0.0,3.0,6.0,13.0,9.0,6.0,35.0,23.0,5.0,9.0
1286,0,5.0,6.0,7.0,8.0,10.0,12.0,20.0,1.0,15.0,16.0,9.0
1287,0,10.0,10.0,10.0,10.0,10.0,10.0,10.0,10.0,10.0,10.0,9.0
1288,0,10.0,10.0,10.0,10.0,10.0,10.0,10.0,10.0,10.0,10.0,9.0
1289,0,1.0,1.0,1.0,1.0,16.0,20.0,25.0,10.0,2.0,23.0,9.0
1290,0,10.0,10.0,10.0,10.0,10.0,10.0,10.0,10.0,10.0,10.0,9.0
1291,0,10.0,10.0,10.0,10.0,10.0,10.0,10.0,10.0,10.0,10.0,9.0
1292,0,10.0,10.0,10.0,10.0,10.0,10.0,10.0,10.0,10.0,10.0,9.0
1293,0,4.0,5.0,15.0,2.0,1.0,27.0,10.0,10.0,5.0,21.0,9.0
1294,0,1.0,1.0,7.0,3.0,5.0,5.0,5.0,21.0,23.0,29.0,9.0
1295,0,5.0,6.0,7.0,8.0,9.0,10.0,11.0,12.0,13.0,19.0,9.0
1296,0,1.0,3.0,6.0,0.0,2.0,3.0,26.0,31.0,22.0,6.0,9.0
1297,0,0.0,4.0,6.0,9.0,12.0,0.0,27.0,32.0,5.0,5.0,9.0
1298,0,5.0,7.0,5.0,8.0,10.0,11.0,13.0,13.0,14.0,14.0,9.0
1299,0,3.0,6.0,8.0,7.0,16.0,16.0,2.0,33.0,4.0,5.0,9.0
1300,0,1.0,2.0,3.0,1.0,19.0,21.0,23.0,1.0,23.0,6.0,9.0
1301,0,3.0,4.0,6.0,11.0,15.0,4.0,26.0,4.0,23.0,4.0,9.0
1302,0,2.0,2.0,2.0,2.0,12.0,7.0,17.0,22.0,22.0,12.0,9.0
1303,0,0.0,7.0,8.0,6.0,13.0,9.0,6.0,20.0,26.0,5.0,9.0
1304,0,5.0,6.0,7.0,8.0,9.0,11.0,12.0,13.0,14.0,15.0,9.0
1305,0,3.0,3.0,3.0,6.0,3.0,16.0,26.0,26.0,8.0,6.0,9.0
1306,0,7.0,9.0,10.0,2.0,4.0,7.0,11.0,22.0,10.0,18.0,9.0
1307,0,1.0,3.0,5.0,7.0,9.0,20.0,25.0,10.0,10.0,10.0,9.0
1308,0,1.0,6.0,9.0,13.0,16.0,21.0,0.0,0.0,31.0,3.0,9.0
1309,0,7.0,10.0,12.0,13.0,14.0,14.0,0.0,0.0,15.0,15.0,9.0
1310,0,1.0,2.0,4.0,6.0,15.0,2.0,28.0,32.0,5.0,5.0,9.0
1311,0,0.0,7.0,8.0,6.0,13.0,9.0,6.0,26.0,20.0,5.0,9.0
1312,0,5.0,5.0,0.0,0.0,0.0,0.0,0.0,30.0,30.0,30.0,9.0
1313,0,3.0,4.0,5.0,9.0,13.0,10.0,16.0,29.0,5.0,6.0,9.0
1314,0,1.0,1.0,6.0,6.0,6.0,6.0,17.0,32.0,17.0,6.0,9.0
1315,0,4.0,16.0,4.0,16.0,16.0,4.0,16.0,4.0,4.0,16.0,9.0
1316,0,3.0,3.0,3.0,3.0,17.0,30.0,3.0,3.0,30.0,5.0,9.0
1317,0,3.0,5.0,8.0,1.0,1.0,15.0,2.0,2.0,30.0,33.0,9.0
1318,0,0.0,5.0,6.0,9.0,12.0,1.0,26.0,31.0,5.0,5.0,9.0
1319,0,12.0,0.0,1.0,1.0,1.0,1.0,1.0,25.0,28.0,30.0,9.0
1320,0,0.0,1.0,2.0,2.0,2.0,22.0,26.0,32.0,3.0,10.0,9.0
1321,0,4.0,6.0,8.0,8.0,9.0,8.0,15.0,19.0,15.0,8.0,9.0
1322,0,1.0,7.0,2.0,2.0,11.0,15.0,21.0,31.0,5.0,5.0,9.0
1323,0,3.0,6.0,1.0,12.0,15.0,22.0,1.0,2.0,3.0,35.0,9.0
1324,0,6.0,0.0,0.0,0.0,0.0,0.0,0.0,51.0,24.0,19.0,9.0
1325,0,0.0,0.0,8.0,0.0,23.0,26.0,31.0,0.0,6.0,6.0,9.0
1326,0,4.0,5.0,5.0,1.0,10.0,15.0,20.0,25.0,7.0,8.0,9.0
1327,0,0.0,6.0,7.0,12.0,12.0,21.0,3.0,31.0,4.0,4.0,9.0
1328,0,3.0,6.0,9.0,10.0,16.0,18.0,25.0,5.0,3.0,5.0,9.0
1329,0,3.0,4.0,5.0,10.0,2.0,17.0,20.0,26.0,6.0,6.0,9.0
1330,0,5.0,7.0,0.0,0.0,0.0,0.0,22.0,22.0,22.0,22.0,9.0
1331,0,4.0,3.0,2.0,16.0,3.0,21.0,21.0,6.0,3.0,21.0,9.0
1332,0,0.0,0.0,3.0,6.0,13.0,9.0,6.0,23.0,35.0,5.0,9.0
1333,0,2.0,3.0,0.0,4.0,0.0,19.0,21.0,0.0,25.0,26.0,9.0
1334,0,2.0,4.0,4.0,9.0,7.0,13.0,9.0,18.0,12.0,22.0,9.0
1335,0,0.0,0.0,0.0,0.0,17.0,20.0,2.0,27.0,31.0,3.0,9.0
1336,0,3.0,1.0,9.0,11.0,15.0,21.0,3.0,2.0,32.0,3.0,9.0
1337,0,2.0,5.0,8.0,12.0,13.0,22.0,2.0,2.0,31.0,3.0,9.0
1338,0,2.0,5.0,6.0,8.0,11.0,14.0,16.0,14.0,15.0,9.0,9.0
1339,0,5.0,6.0,7.0,15.0,12.0,22.0,22.0,1.0,6.0,4.0,9.0
1340,0,4.0,4.0,5.0,8.0,10.0,14.0,4.0,21.0,18.0,12.0,9.0
1341,0,1.0,3.0,1.0,1.0,11.0,1.0,31.0,21.0,24.0,6.0,9.0
1342,0,0.0,0.0,0.0,0.0,18.0,18.0,1.0,31.0,31.0,1.0,9.0
1343,0,5.0,4.0,8.0,9.0,12.0,13.0,10.0,27.0,7.0,5.0,9.0
1344,0,0.0,0.0,11.0,13.0,15.0,21.0,0.0,0.0,0.0,40.0,9.0
1345,0,0.0,0.0,0.0,0.0,17.0,19.0,26.0,0.0,0.0,38.0,9.0
1346,0,0.0,0.0,8.0,2.0,11.0,15.0,23.0,32.0,4.0,5.0,9.0
1347,0,1.0,0.0,3.0,10.0,8.0,12.0,4.0,9.0,25.0,28.0,9.0
1348,0,0.0,6.0,7.0,12.0,12.0,21.0,3.0,32.0,3.0,4.0,9.0
1349,0,0.0,6.0,7.0,12.0,12.0,21.0,3.0,32.0,3.0,4.0,9.0
1350,0,2.0,2.0,9.0,2.0,2.0,2.0,17.0,18.0,23.0,23.0,9.0
1351,0,0.0,6.0,7.0,12.0,12.0,21.0,3.0,32.0,3.0,4.0,9.0
1352,0,1.0,1.0,1.0,15.0,21.0,22.0,5.0,24.0,5.0,5.0,9.0
1353,0,0.0,6.0,7.0,12.0,12.0,21.0,3.0,32.0,3.0,4.0,9.0
1354,0,3.0,8.0,3.0,4.0,5.0,7.0,3.0,21.0,20.0,22.0,9.0
1355,0,5.0,7.0,9.0,2.0,2.0,13.0,27.0,2.0,28.0,5.0,9.0
1356,0,0.0,0.0,0.0,0.0,5.0,30.0,10.0,40.0,5.0,10.0,9.0
1357,0,8.0,2.0,2.0,2.0,2.0,2.0,2.0,22.0,26.0,32.0,9.0
1358,0,4.0,4.0,6.0,6.0,16.0,17.0,17.0,12.0,6.0,6.0,9.0
1359,0,3.0,4.0,5.0,4.0,4.0,4.0,32.0,34.0,4.0,6.0,9.0
1360,0,2.0,0.0,3.0,0.0,0.0,0.0,0.0,33.0,31.0,31.0,9.0
1361,0,1.0,1.0,2.0,3.0,20.0,3.0,3.0,3.0,31.0,33.0,9.0
1362,0,1.0,3.0,4.0,6.0,6.0,12.0,12.0,30.0,13.0,13.0,9.0
1363,0,11.0,11.0,4.0,4.0,4.0,4.0,4.0,11.0,21.0,26.0,9.0
1364,0,0.0,5.0,7.0,9.0,12.0,1.0,26.0,31.0,4.0,5.0,9.0
1365,0,3.0,8.0,10.0,12.0,13.0,15.0,16.0,14.0,4.0,5.0,9.0
1366,0,0.0,0.0,0.0,0.0,15.0,16.0,2.0,31.0,33.0,3.0,9.0
1367,0,1.0,1.0,1.0,1.0,12.0,15.0,17.0,20.0,22.0,10.0,9.0
1368,0,2.0,2.0,2.0,17.0,2.0,3.0,28.0,3.0,36.0,5.0,9.0
1369,0,0.0,0.0,0.0,19.0,0.0,0.0,27.0,27.0,27.0,0.0,9.0
1370,0,3.0,5.0,6.0,10.0,9.0,18.0,24.0,12.0,8.0,5.0,9.0
1371,0,1.0,3.0,5.0,9.0,11.0,13.0,17.0,18.0,12.0,11.0,9.0
1372,0,6.0,6.0,6.0,6.0,6.0,6.0,6.0,46.0,6.0,6.0,9.0
1373,0,2.0,3.0,6.0,8.0,10.0,25.0,20.0,5.0,15.0,5.0,9.0
1374,0,3.0,3.0,3.0,8.0,15.0,25.0,31.0,2.0,5.0,5.0,9.0
1375,0,4.0,4.0,0.0,0.0,0.0,0.0,0.0,27.0,31.0,34.0,9.0
1376,0,0.0,0.0,2.0,2.0,11.0,21.0,3.0,31.0,26.0,4.0,9.0
1377,0,0.0,12.0,6.0,3.0,1.0,28.0,32.0,1.0,5.0,11.0,9.0
1378,0,3.0,6.0,0.0,3.0,11.0,11.0,18.0,13.0,17.0,18.0,9.0
1379,0,0.0,0.0,0.0,0.0,20.0,25.0,0.0,25.0,30.0,0.0,9.0
1380,0,2.0,2.0,2.0,2.0,2.0,13.0,26.0,2.0,24.0,25.0,9.0
1381,0,1.0,2.0,3.0,8.0,10.0,20.0,21.0,23.0,6.0,6.0,9.0
1382,0,1.0,1.0,4.0,12.0,12.0,10.0,25.0,25.0,5.0,5.0,9.0
1383,0,7.0,13.0,0.0,15.0,20.0,20.0,0.0,0.0,0.0,25.0,9.0
1384,0,3.0,5.0,7.0,9.0,14.0,25.0,25.0,4.0,4.0,4.0,9.0
1385,0,3.0,8.0,8.0,2.0,12.0,20.0,17.0,20.0,4.0,6.0,9.0
1386,0,1.0,6.0,8.0,11.0,5.0,5.0,27.0,27.0,5.0,5.0,9.0
1387,0,3.0,4.0,5.0,10.0,9.0,12.0,15.0,20.0,11.0,11.0,9.0
1388,0,2.0,4.0,7.0,12.0,16.0,22.0,0.0,2.0,32.0,3.0,9.0
1389,0,2.0,9.0,1.0,15.0,5.0,0.0,19.0,18.0,18.0,13.0,9.0
1390,0,3.0,2.0,4.0,4.0,3.0,24.0,26.0,3.0,4.0,27.0,9.0
1391,0,3.0,6.0,3.0,3.0,11.0,4.0,28.0,32.0,5.0,5.0,9.0
1392,0,1.0,1.0,3.0,4.0,10.0,13.0,17.0,8.0,34.0,9.0,9.0
1393,0,0.0,0.0,2.0,7.0,14.0,11.0,27.0,19.0,15.0,5.0,9.0
1394,0,2.0,6.0,8.0,12.0,15.0,18.0,28.0,3.0,4.0,4.0,9.0
1395,0,4.0,8.0,16.0,20.0,6.0,6.0,4.0,17.0,4.0,15.0,9.0
1396,0,3.0,0.0,3.0,4.0,0.0,22.0,27.0,31.0,5.0,5.0,9.0
1397,0,5.0,5.0,5.0,5.0,5.0,5.0,15.0,20.0,20.0,15.0,9.0
